Date,Name,Year,Letterboxd URI,Rating,Rewatch,Review,Tags,Watched Date
2019-02-11,Hostel,2005,https://boxd.it/Dzrnn,1,,Just cut the eye off with scissors. That'll do it.,,2019-02-10
2019-02-12,Overlord,2018,https://boxd.it/DCzbv,3.5,,Not the meathook NOOOOOOOOO,,2019-02-11
2019-02-14,Drive,2011,https://boxd.it/DIKLV,4.5,,Yo stop stabbing people Bernie 😡😡😡,,2019-02-13
2019-02-18,West Side Story,1961,https://boxd.it/DUHYh,1,,"Ever wanted 2.5h to feel like 5? Well, this movie's for you! Got some cool songs ig",,2019-02-17
2019-03-10,Spirited Away,2001,https://boxd.it/EZumj,4.5,,"I haven't watched a lot of anime but Studio Ghibli have really set the bar for any future films or shows I watch.

The animation in Spirited Away was incredible. The amount of detail in each shot was amazing, and really helped draw me into the world and its storyline.",,2019-03-09
2019-03-15,Vice,2018,https://boxd.it/FfS2p,2.5,,Well...the parts that <i>weren't</i> directed like a YouTube video essay were alright.,,2019-03-14
2019-03-18,The Big Short,2015,https://boxd.it/Fqf6J,4.5,,Wow.,,2019-03-17
2019-05-11,Shazam!,2019,https://boxd.it/HZUDx,3,,Endgame has spoiled every superhero movie for me...,,2019-05-10
2019-09-06,Zodiac,2007,https://boxd.it/NZ3Th,4,Yes,"A great film with superb directing, only slightly let down by the pacing near the end.",,2019-09-03
2019-09-06,Cube,1997,https://boxd.it/NZKgd,4,,Went in with relatively low expectations and they were greatly surpassed. Good film. Would watch again.,,2019-09-02
2019-09-06,Four Weddings and a Funeral,1994,https://boxd.it/O0a7h,3.5,,Duckface packs a mean right hook.,,2019-09-05
2019-09-10,Hereditary,2018,https://boxd.it/OdSfF,4.5,,"Yeah, you know, I dig it. Good film. Not quite as scary as I expected but there were some really good scenes throughout.",,2019-09-09
2019-09-20,John Wick: Chapter 2,2017,https://boxd.it/OIKo7,4,,"I think the thing I love the most about this series is the existence The Continental and The High Table. It's such an interesting concept for the criminal underworld to all follow the rules set out by Winston, lest they be excommunicated from The Continental.

Great film. The action sequences were stunning as expected.",,2019-09-19
2019-09-21,It Chapter Two,2019,https://boxd.it/OKZdH,3,,"Started strong but the ending, like Bill's books, sucked.

Never mind though because Chapter 1 is really the proper 'It' reboot.",,2019-09-20
2019-09-25,Chain Reaction,1996,https://boxd.it/P0v0l,2,,Woah.,,2019-09-25
2019-09-26,The Room,2003,https://boxd.it/P2dfB,1,,It's baaaaaad.,,2019-09-26
2019-09-28,Microwave Massacre,1979,https://boxd.it/P7epd,0.5,,A dopey construction worker discovers the wonders of meal prepping.,,2019-09-27
2019-10-20,Inner Workings,2016,https://boxd.it/QooQ7,3.5,,It made Manu cry so it must be good.,,2019-10-19
2019-10-20,Moana,2016,https://boxd.it/QoFj5,4,,"Amazing visuals, uplifting storyline. Really good.",,2019-10-19
2019-10-29,Brightburn,2019,https://boxd.it/QXAL9,2.5,,"It was so chaotic and over-the-top at some points that it almost became a comedy. I still got some form of morbid enjoyment out of it, primarily for the sheer amount of chaos caused in the film.

-1 for Billie Eilish at the end.",,2019-10-28
2019-11-05,Arrival,2016,https://boxd.it/Rpo7n,5,Yes,"It's so fun watching this with friends who haven't seen it before, and waiting to see when it <i>clicks</i> for them.",,2019-11-05
2019-11-09,Up in the Air,2009,https://boxd.it/RDc2j,4,,"Wow, fuck Alex.",,2019-11-09
2019-11-26,Ford v Ferrari,2019,https://boxd.it/SEYDt,5,,I really can't find anything to dislike about this film. 10/10,,2019-11-26
2019-12-04,Jumper,2008,https://boxd.it/TaxpN,2,,"What a God-awful film.

... 

I love it.",,2019-12-03
2019-12-06,Die Hard,1988,https://boxd.it/ThzJz,3,,Hmm...,,2019-12-05
2019-12-08,Knives Out,2019,https://boxd.it/Tox6J,4.5,,Better than <i>Ready or Not</i>,,2019-12-07
2019-12-09,Dredd,2012,https://boxd.it/TtKGl,3,,"Anyone: *does anything*
Dredd: <b>:-{</b>

It was enjoyable enough, I guess. I feel like the film was trying to be super intense and violent but it didn't really land for me unfortunately.

Soundtrack is lit though.",,2019-12-08
2019-12-16,Chef,2014,https://boxd.it/TVFkv,4,,If r/FoodPorn made a film...,,2019-12-15
2019-12-18,Spectre,2015,https://boxd.it/U5GOB,3,,Pretty average. Didn't feel like anything really...<i>happened</i>,,2019-12-18
2019-12-25,Blackadder's Christmas Carol,1988,https://boxd.it/UAlAv,4,,It wouldn't be Christmas without this,,2019-12-24
2019-12-26,Klaus,2019,https://boxd.it/UDAob,4,,Yeah that was pretty cute,,2019-12-25
2019-12-27,Amélie,2001,https://boxd.it/ULSEx,4,,"Best film I've seen this year!

I think I'll go and live in Paris now.",,2019-12-26
2019-12-30,Cats,2019,https://boxd.it/V2ned,2,,"Ok, I didn't <i>hate</i> it.
The choreography is really quite good, and the music actually slaps!

...and then the cats start doing ballet again. 

But no. I really recommend you go and see it.",,2019-12-29
2019-12-31,Parasite,2019,https://boxd.it/V8Eor,4,,"This movie is a fucking roller-coaster from start to finish. Thank you Bong Joon-Ho, very cool.",,2019-12-30
2020-01-02,Mission: Impossible – Fallout,2018,https://boxd.it/Vn0H9,4,,Sometimes all you need are helicopter chases and big explosions.  <i>Fallout</i> delivers.,,2020-01-01
2020-01-28,Hoodwinked!,2005,https://boxd.it/XR4lp,4.5,,"The script is so fucking good, but the animation is so fucking <i>bad.</i>

A perfect 5/7",,2020-01-27
2020-02-07,Jojo Rabbit,2019,https://boxd.it/YGozt,4.5,,I don't understand how one film can make me feel so many different emotions.,,2020-02-06
2020-02-10,Whiplash,2014,https://boxd.it/YZ3Q7,5,,This film is one of the greats.,,2020-02-09
2020-02-16,Cars 3,2017,https://boxd.it/ZtpbP,4,,The film Cars 2<i> should </i>have been.,,2020-02-15
2020-02-19,The Big Short,2015,https://boxd.it/ZNBPH,4,Yes,"""Oh, is that the accounting documentary?"" - a friend who doesn't appreciate good films",,2020-02-18
2020-02-24,The Current War,2017,https://boxd.it/10crdD,2.5,,Every shot was either handheld or Dutch angle. Someone buy them a spirit level.,,2020-02-23
2020-02-26,Sonic the Hedgehog,2020,https://boxd.it/10obKF,2.5,,My favourite part was when Jim Carrey started simping over Sonic's feet pics.,,2020-02-25
2020-03-02,Children of Men,2006,https://boxd.it/10NPsV,4.5,,i'm baby,,2020-03-01
2020-03-07,Uncut Gems,2019,https://boxd.it/11a29L,3,,"I can't deny that the ending was good, but overall I just found it a bit loud and annoying. Howard deserved everything that came to him.",,2020-03-06
2020-03-17,Chicago,2002,https://boxd.it/11XBJx,5,,"Absolutely incredible. I was captivated the entire film. 
<i>
Loved </i>how they interlaced show-biz scenes and choreography in between the real-life shots.

11/10",,2020-03-16
2020-03-21,Ender's Game,2013,https://boxd.it/12n4H1,2.5,,Yeah... Read the book instead,,2020-03-20
2020-03-24,The Invisible Man,2020,https://boxd.it/12GjiX,4.5,,Fantastic fucking film.,,2020-03-23
2020-03-26,Upgrade,2018,https://boxd.it/12TYOh,4,,Where can I buy one?,,2020-03-25
2020-03-27,The Lobster,2015,https://boxd.it/130bGR,3,,"It was pretty interesting for the first two thirds or so, but then I felt it just got reeeeaally slow.",,2020-03-26
2020-03-29,Ad Astra,2019,https://boxd.it/13f6hH,4.5,,"I feel very calm after watching Ad Astra. That's pretty much all I can say. I'm gonna try and actually write some kind of review (or my thoughts, at least) because I honestly feel the film deserves it. 

Ad Astra did an amazing job of mirroring the calm, measured approach taken by the main character (Roy McBride) in most situations and I was pleasantly surprised by it, having gone into the film expecting an Interstellar-style romp across the solar system with the usual hurdles to overcome and plot devices to explore. Every scene had an air of tranquility to it, which I think worked wonders to reinforce Roy's personality upon us: unphased, calm and collected.

Visually, Ad Astra was <i>stunning</i>. I think this might be my favourite space film if I had to rank them on wow-factor alone. I loved the futuristic yet realistic aesthetic of the spacecraft, stations and other technologies, as well as the beautiful planet shots as the film moved forwards.

For some reason, this film really struck a chord with me and I felt compelled to write some stuff about it. Definitely recommend watching it if you haven't.",,2020-03-28
2020-03-30,Now You See Me 2,2016,https://boxd.it/13nUwt,2.5,,"Aside from the fact that most of the film's acts rely on everyone but the Horsemen being low-IQ brainlets, and aisde from the fact that the FBI and police have to be incompetent morons to not catch them, and aside from the fact that there were so many double, triple or quadruple bluffs I lost track, and aside from the fact that obviously The Four Horsemen were only ever really in <i>mild</i> peril, and aside from the fact it had one of <i>the</i> most cookie-cutter plots I've ever seen, and aside from the fact...










...the parts where they did the magic were cool and, I hate to say it, almost redeemed the entire film for me.",,2020-03-29
2020-04-01,The Dark Knight,2008,https://boxd.it/13CPm9,4.5,Yes,"This really is just <i>such </i>a good film.

It's no surprise to me that The Dark Knight still sits as the third highest rated film ever on IMDb. The 2 and a half hours positively fly by and, upon my most recent watching, I think I finally appreciate the storyline for how good it was, instead of just finding all the action sequences exciting.

The whole dynamic surrounding keeping Harvey Dent's image as that of an incorruptible, lawfully good man (and letting Batman take the fall for all of Harvey's shortcomings) was entirely lost on me up until now, and I'm so glad I took the time again to be able to experience it.",,2020-03-31
2020-04-05,The Dark Knight Rises,2012,https://boxd.it/14a7R1,4,,Crazy how Gotham looks more and more like New York as the trilogy progresses...,,2020-04-05
2020-04-09,The Machinist,2004,https://boxd.it/14AeZj,3,,"Unfortunately, I think this was just one of those films I didn't really <i>get</i>. 
Most of the storyline just seemed to be the classic ""depressing, confusing, man's-life-falls-apart"" trope and it wasn't perhaps until the last 20-25 mins that it sort of <i>clicked</i> for me.

It was fine, but I wouldn't watch it again.",,2020-04-08
2020-04-11,TRON: Legacy,2010,https://boxd.it/14PLqr,3,,"6/10 film, 10/10 soundtrack

The CGI really holds up well imo",,2020-04-10
2020-04-14,Signs,2002,https://boxd.it/15gQKl,2.5,,"Oh no the aliens don't like water, what a trope!",,2020-04-13
2020-04-15,Enemy,2013,https://boxd.it/15oRhZ,3.5,,"I can't tell if I enjoyed the film or not, and I think that just about sums it up. Gonna need to go and read the fan theories about this one because there was a <i>lot</i> left unexplained that I need to know.",,2020-04-14
2020-04-17,Gone Girl,2014,https://boxd.it/15Dvl1,4.5,,I am so...<i>incredibly...</i>annoyed that Amy Elliot wasn't completely butchered by the end of the film.,,2020-04-16
2020-04-18,Whiplash,2014,https://boxd.it/15JYJt,5,Yes,"This film has to, by far and away, have the best final scene of all time. I literally cannot fault anything in the movie. Fantastic.",,2020-04-17
2020-04-21,A Ghost Story,2017,https://boxd.it/168VgN,3,,"""Nothing matters in the end because we're all going to die and no-one will remember us"" isn't something I particularly vibe with but thanks for the TED Talk, bald guy in dungarees.",,2020-04-20
2020-04-29,Kung Fu Panda 2,2011,https://boxd.it/177miB,2.5,,It was all going so well and then I had to hear Mantis's Seth Rogen-ass laugh cut through the final scene like a hot knife through butter.,,2020-04-28
2020-05-09,Atomic Blonde,2017,https://boxd.it/18kF3P,2.5,,"The staircase scene was A-tier, and I really liked how you could visualise what it might've looked like as the graphic novel but aside from that it didn't <i>really</i> grab me.",,2020-05-08
2020-05-11,Shame,2011,https://boxd.it/18AVZR,3.5,,"I don't think I'll ever be able to scrub the image of Michael Fassbender's sweaty, shuddering, grimacing orgasm face from my brain...",,2020-05-10
2020-05-12,Sicario: Day of the Soldado,2018,https://boxd.it/18J8Rx,3,,"I decided to split my review into two parts.

<b>Part 1</b>
Benicio del Toro is so fucking cool, and every scene with him in bristles with <i>Sicario</i> energy.

<b>Part 2</b>
Everything else about this film falls so far into standard US Military genre that it forgets almost everything that made the first film so good.",,2020-05-11
2020-05-15,Annihilation,2018,https://boxd.it/192XyJ,4,,"<a href=""https://youtu.be/_-jxNAfSrPI"">Annihilation in 2 minutes. </a>",,2020-05-14
2020-05-18,Jumanji: Welcome to the Jungle,2017,https://boxd.it/19oGLF,2.5,,What I would give to have Karen Gillan look me in the eyes and tell me she's into nerds...,,2020-05-17
2020-05-23,Widows,2018,https://boxd.it/19XC3J,4.5,,"I forgot how good this film was! Amazing cast, too 😍",,2020-05-22
2020-05-25,Dune,1984,https://boxd.it/1adTDV,2,,"Honestly, I think I enjoyed this about as much as I enjoyed the book, which wasn't very much.

I think, by trying to fit the entire novel into a two hour film, Lynch has created a bit of an unintelligible, uninspiring mess, with an ending that just kind of fizzles out.",,2020-05-24
2020-05-27,First Reformed,2017,https://boxd.it/1asxS5,3.5,,"It definitely a good film, but I feel like it might've gone over my head somewhat.

Perhaps I'm not clever enough yet to fully appreciate The Film.",plex,2020-05-26
2020-05-29,Man of Steel,2013,https://boxd.it/1aIQtP,3.5,,"I now remember how much I hate it when the US Military gets shoehorned into films for no apparent reason.

<i>Man of Steel</i> was, for me, genuinely a really enjoyable superhero movie spliced with generic army content that shift the story from, ""Alien being fights his own with massive, world-scale destruction,"" to, ""Haha, US army goes brrrrrrrrr.""

On the other hand, this film has Amy Adams <i>and</i> Henry Cavill in it...so maybe I can forgive its shortcomings 😍",,2020-05-28
2020-05-30,Argo,2012,https://boxd.it/1aLY8B,4,,"I'm honestly a stickler for dramas like this. 

I do feel like there were some very obviously ""Hollywood-ified"" moments throughout the film but overall I really eniyed it.",,2020-05-29
2020-06-01,Batman v Superman: Dawn of Justice,2016,https://boxd.it/1b03rV,2.5,,My only question: how on Earth did Lois Lane manage to run across all that rubble in high heels??,,2020-05-31
2020-06-02,Captain Phillips,2013,https://boxd.it/1b6gfv,5,,"It's been 7 years since I first watched this, and I think it evoked an even stronger emotional response this time around.

The sheer tension, almost right from the get go, as you see events unfold both on and off the ship is exhilarating; I don't think I've watched many films that manage it so well.

Additionally, I'm so incredibly <i>grateful</i> that we're shown the pirates' sides of the story - it helps to blur the line between the 'good' and the 'bad' guys somewhat, as you begin to sympathise with Philips' captors.",,2020-06-01
2020-06-07,Game Night,2018,https://boxd.it/1bBbZb,3,,<b>WHY DOES JASON BATEMAN SMILE LIKE THAT??? </b>,,2020-06-06
2020-06-09,Sliding Doors,1998,https://boxd.it/1bQUQN,2.5,,Can't wait for <i>Sliding Doors 2: Return of the Jerry</i>,,2020-06-08
2020-06-10,Steve Jobs,2015,https://boxd.it/1bX9Jz,5,,I fucking <i>loved</i> this film.,,2020-06-09
2020-06-17,You Were Never Really Here,2017,https://boxd.it/1cGIZR,3,,"One day somethings going to <i>click</i>, and I'll actually start understanding films like this.",,2020-06-16
2020-06-18,A Monster Calls,2016,https://boxd.it/1cMHgD,4,,Where can I get my own Liam Neeson Ent that breaks into my house and reads me bedtime stories?,,2020-06-17
2020-06-22,Tomb Raider,2018,https://boxd.it/1dbW5F,2.5,,"Did I accidentally watch a TV-friendly version that cut out most of the cool action sequences and violence? <b>Yes.</b>

Do I feel like I really missed out on a lot? <b>No.</b>

Is Alicia Vikander still hot as hell and cool as fuck? <b><i>yES.</i></b>",,2020-06-21
2020-06-25,The Vast of Night,2019,https://boxd.it/1dtXtJ,4.5,,"<i>""Charming""</i>

I think that's how I'd describe this film.

<i>The Vast of Night</i> was an intense, atmospheric film that told a beautiful story and made me feel an excitement and nostalgia for an era before I'd even been born.

So much is packed into its ninety minute timeframe that you'd expect the film to be fast-paced and energetic through and through; However, it's those moments when everything slows down - and to remember to breathe - that really made me fall in love with the unfolding story and its characters.

Visually, <i>The Vast of Night</i> is really quite a beautiful film. It has a lot of the 50s neon and Midwestern architecture you'd expect from such a film, and the camera work feels so superbly tied to the action and motion on screen that I couldn't help but be drawn in and fixated until the very end.

I didn't go into this film expecting to like it as much as I did, but I now <i>cannot</i> recommend it enough.",,2020-06-24
2020-06-28,Glass,2019,https://boxd.it/1dL1pP,3.5,Yes,"I think this film is <i>so</i> much better if you watch it with the rest of the trilogy, back-to-back.

A lot of little character developments and subplots(?) take place in <i>Unbreakable</i> and <i>Split, </i>and they make such a huge difference to how good <i>Glass </i>is when you watch it.",,2020-06-27
2020-06-29,Mortal Engines,2018,https://boxd.it/1dS3GR,2.5,,"Really not that good. I think it could've worked better as a six-part miniseries on the BBC, Sunday nights at 9pm...you know?",,2020-06-28
2020-07-07,Searching,2018,https://boxd.it/1eHBHL,4.5,,<b><i>Wow.</i></b> I'm speechless. What an incredible film! I went into it with relatively modest expectations but am absolutely blown away by how well the social media/tech angle worked for the story.,,2020-07-06
2020-07-10,Bait,2019,https://boxd.it/1eZctZ,4.5,,The best part of this was my mum trying to justify the behaviours of the posh people.,,2020-07-09
2020-07-11,Your Name.,2016,https://boxd.it/1f5Erf,5,,"Watching this for the first time was one of those experiences I'm deeply, deeply sad that I won't be able to have ever again.",,2020-07-10
2020-07-17,The Gentlemen,2019,https://boxd.it/1fLhIh,4,Yes,"Definitely carried by the first half, imo. Also not too keen on the unnecessary (attempted) rape scene and spattering of casual racism.",,2020-07-16
2020-07-18,Snatch,2000,https://boxd.it/1fRkOp,3,,"Damn, <i>everyone's</i> gotta be a smart ass, haven't they?",,2020-07-17
2020-07-19,Yesterday,2019,https://boxd.it/1fXADf,4,,"I'd give everything up for Lily James, too.",,2020-07-18
2020-07-19,Kingsman: The Secret Service,2014,https://boxd.it/1g1UR5,3.5,Yes,Doesn't hold up quite as well as I remembered but still pretty good!,,2020-07-19
2020-07-21,Kingsman: The Golden Circle,2017,https://boxd.it/1gaJ4p,2.5,,"Who in God's name decided it would be a good idea to use Country Roads as the ""sad, emotional song"" in this film.",,2020-07-20
2020-07-28,Sicario,2015,https://boxd.it/1gV13B,4.5,Yes,"Holy shit, just as good as the first time I watched it.",,2020-07-27
2020-07-30,Tag,2018,https://boxd.it/1h667Z,2,,Hmm....,,2020-07-29
2020-07-31,American Animals,2018,https://boxd.it/1hc2qP,4,,"I'd give this an 8. But like, a very <i>strong</i> 8.",,2020-07-30
2020-08-02,Catch Me If You Can,2002,https://boxd.it/1hoaEf,4.5,Yes,"So all I have to do to get a job in the FBI is spend the first few years of my life as a fake pilot/doctor/lawyer with millions of dollars to my name?

Sign me up!",,2020-08-01
2020-08-05,Election,1999,https://boxd.it/1hMqVT,3.5,,"It's now my headcannon that Ferris Bueller decided to go back into education as a teacher after discovering a newfound appreciation for the teachers he messed around back in 1986.

I had no expectations going into this film, but I'm very glad I watched it! the kind of stereotyped characters all work incredibly well together, and their stories are deftly woven into a main thread that stayed interesting and entertaining through to the very end.",plex,2020-08-04
2020-08-07,Dunkirk,2017,https://boxd.it/1hUJJ9,4.5,,"How did everyone keep their hair so perfectly styled throughout the movie?

There can only be one answer: <i>Professional Sea Salt Spray, </i>by Toni & Guy.",bluray,2020-08-06
2020-08-08,Crazy Rich Asians,2018,https://boxd.it/1i0qfh,3.5,,"First off, this film's soundtrack absolutely <i>bops.</i>

Secondly, I completely understand why Manu cried watching this. 😭",cinehub,2020-08-07
2020-08-10,Collateral,2004,https://boxd.it/1ifdSl,2.5,,"I don't know, maybe I wasn't in the right mood for this movie tonight but it just really started to drag for me after the first hour or so.

I stopped watching about 20 minutes from the end becuase i no longer cared about any of the characters or what was going to happen to them...

The first half was pretty good though! Max and Vincent developed a pretty interesting dynamic that I wish could've been fleshed out a bit more perhaps.",plex,2020-08-09
2020-08-12,V for Vendetta,2005,https://boxd.it/1isBXZ,3.5,Yes,7/10 for Hugo Weaving's voice alone.,,2020-08-11
2020-08-15,Slow West,2015,https://boxd.it/1iL0SV,3.5,,"I want to live in <i>Slow West</i>'s world. It feels like a simpler time; riding through massive, open plains, venturing through forests, trekking through narrow, towering canyon trails, with the only worries being the food in your bag and the people you travelled with. Occasionally, you might stumble across a lone trading outpost - or, if you're lucky, a small town - perfectly placed for you to rest, restock and continue on your journey, wherever that may be.

Yeah... I think that would be nice.",plex,2020-08-14
2020-08-16,True Grit,2010,https://boxd.it/1iPMJv,3.5,,Maybe...the true grit...was the friends we made along the way? 🥺👉👈,,2020-08-15
2020-08-17,Watchmen,2009,https://boxd.it/1iZgO9,3.5,,"Watched the Snyder cut of this film, and I guess I'm glad I did?
For the most part, I don't think it's <i>that</i> much better than any other superhero film but it's definitely up there somewhere.

Worth a watch, but I doubt it'll blow your mind or anything.",bluray,2020-08-16
2020-08-20,Solo: A Star Wars Story,2018,https://boxd.it/1jhyqZ,2.5,,"Pretty bland and emotionless throughout, I think...",,2020-08-19
2020-08-25,Derren Brown: Pushed to the Edge,2016,https://boxd.it/1jNLPH,3.5,,"Have seen this a couple of times but it's always fun to watch with new people, seeing their reactions at the increasingly outrageous requests being made of Chris.

Part of me still suspects that everyone's and actor and they're <i>all</i> in on it, though...",netflix,2020-08-24
2020-09-05,Tenet,2020,https://boxd.it/1l0yJV,4.5,,"Yeeeee boy what a banger of a film. Soundtrack fucking <b>SLAPS, </b>and the whole premise really jams with me 😍",cinema,2020-09-05
2020-09-06,Never Let Me Go,2010,https://boxd.it/1l3Cgp,3.5,,"""No Carey Mulligan, don't donate your organs you're so sexy aha""",plex,2020-09-05
2020-09-10,The Social Dilemma,2020,https://boxd.it/1lwNrB,3.5,,"Whilst I did <i>enjoy</i> this documentary, and agreed with the points it put forward, I can't help but notice the irony(?) surrounding the fact it argues against the ""maximising engagement"" model yet is a <i>Netflix Original.</i>

Seriously though, this is definitely worth a watch. Even if you're someone who thinks they're already aware of all the tactics social networking companies use to manipulate you and keep you glued to your phone it's refreshing to be reminded of such by a bunch of other people, all who at some point worked <i>for</i> those companies.",netflix,2020-09-09
2020-09-17,Nocturnal Animals,2016,https://boxd.it/1meMtT,3.5,,"Definitely deserves more than a 7/10, I think, but I didn't give it the attention it deserved this time around. 

This is one of those films that I really need to watch a second time and/or discuss with someone else in oder to feel like I ""understand"" it. Its pretty straightforward in premise - there are two interleaving stories being shown throughout the film - but it definitely went over my head a bit in how (and, to be honest, <i>whether</i>) they link together and play off each other.

But yeah, a solid watch, good cast, amazing scenery and atmosphere.",plex,2020-09-16
2020-09-24,The Girl Who Leapt Through Time,2006,https://boxd.it/1mWrPH,3.5,,"Torn between giving this a 6 and a 7, to be honest.

Cool plot. I feel like the romance was a little bit forced? Really likeable characters.",plex,2020-09-23
2020-09-28,Call Me by Your Name,2017,https://boxd.it/1nlhRj,4,,"Oh to spend the summer in an old Italian villa with a bunch of book and a bicycle to explore the countryside.

Although it'd be way too hot and I'd probably complain so...you can't have everything I guess 😝",plex,2020-09-27
2020-09-28,Enola Holmes,2020,https://boxd.it/1npSdt,2.5,,"I realised about halfway through that I didn't actually care for the story that much.

I <i>really</i> didn't like the final 30 minutes or so.

The ""breaking the 4th wall"" stuff mostly worked quite well but I think there were a couple of moments where it fell flat or pulled me away too much from the film.

Unfortunately, I wasn't all that convincing as a Sherlock, unless he was aiming down  the more himbo Sherlock path.

Millie Bobby Brown was really good though, and carried the film for most of it, I'd say!",netflix,2020-09-28
2020-10-04,The Guest,2014,https://boxd.it/1nWuar,3,,"I don't for a second believe that the school had a budget big enough for that Halloween prom setup.

Also, could the Mum have cared <i>any</i> less when she found out her son was dead???

A pretty enjoyable film, though! Maybe a slightly odd tone throughout, like I'm not entirely sure if it wanted to take itself seriously or be lighthearted.",plex,2020-10-03
2020-10-08,12 Angry Men,1957,https://boxd.it/1opdef,5,,"Really impressed with this film; I'm so glad I finally watched it!

It took me a while to realise but I think my favourite aspect was how each person embodied a different kind of ""stereotype"" and how their viewpoints were gradually changed by our non-Angry Man over the course of the film. 

Off the top of my head, I can remember:
<b>- Juror 1:
- Juror 2: </b>The Newbie
<b>- Juror 3: </b>The Stubborn One
<b>- Juror 4: </b>The Logical One
<b>- Juror 5: </b>The One-That-Can-Relate
<b>- Juror 6: </b>
<b>- Juror 7: </b>The Clown
<b>- Juror 8: </b>Our Hero 😍
<b>- Juror 9:</b>
<b>- Juror 10: </b>The Racist
<b>- Juror 11: </b>
<b>- Juror 12: </b>The Clueless One

OK looking back on that maybe they don't <i>all </i>quite fit into categories but I still think, beyond reasonable doubt (see what I did there 😉), it's one of the best parts of the film.

I didn't really believe I'd be capitavated by an hour and a half of pure dialogue but <i>boy </i>was I happy to be proven wrong. 100% you <i>have</i> to watch this as soon as you get the chance.",plex,2020-10-07
2020-10-10,Monty Python and the Holy Grail,1975,https://boxd.it/1oB8eX,3.5,,"I think most of the good, quotable stuff is definitely towards the first half of the film.

Feels like it starts to drag a bit towards the end 😞",dvd,2020-10-09
2020-10-11,Angel Beats!,2010,https://boxd.it/1oMHm5,4,,"Very much enjoying my foray into anime so far. Angel Beats was recommended to me by a friend, and what an amazing series!

I was a little put off by how surreal the first episode was (at least compared to <i>Erased</i>, which I'd just finished watching) but I leant into it and was rewarded with a funny, emotional, heartfelt show that left little else to be desired.",netflix,2020-10-11
2020-10-13,Spotlight,2015,https://boxd.it/1oXAwf,4,,It's a docudrama with Mark Ruffalo? Instant 4 stars.,dvd,2020-10-12
2020-10-16,Panic Room,2002,https://boxd.it/1peOf7,4,,"<i>Damn, </i>what an anxiety-inducing ride. Thank you, Fincher!",netflix,2020-10-15
2020-10-20,The Accountant,2016,https://boxd.it/1pHHPP,3.5,,"I liked this! It was one of those films where actors from other things I'd watched kept appearing, and I kept going <i><DiCaprio pointing meme> </i>whenever I saw them.

The end was perhaps a little bit too ordinary for my liking but I can't exactly say what I would've done instead. 

But yeah, worth a watch.",plex,2020-10-19
2020-10-22,Se7en,1995,https://boxd.it/1pTU2l,4.5,,"Holy shit I didn't know what I was getting into before watching this. One my favourite films in recent times, I think.

As much as we hate Spacey now, I can't deny he did a stellar performance (for the small part he was on-screen). Big props to Brad and Morgan (we're best friends so I can use their first names) for carrying the rest of the film, too.",plex,2020-10-21
2020-10-23,Dark Waters,2019,https://boxd.it/1q0ho7,4.5,,"Rob Billot, you fucking <i>g.</i>

Yet another smashing docudrama about a big scandal being uncovered, and Big Corporate using their Business Power® to try and smother it and save themselves a bit of money.",plex,2020-10-22
2020-10-26,Phantom Thread,2017,https://boxd.it/1qslNL,4.5,,"Exquisite. This an <i>exquisite</i> film.

The soundtrack was gorgeous, the background and sets were beautiful. Daniel Day Lewis and Vicky Krieps were perfect in their roles.

Although, I can't help but dislike Alma just a little bit...",plex,2020-10-26
2020-10-28,The Favourite,2018,https://boxd.it/1qAB99,3.5,,"I didn't like this as much as I thought it would, tbh.",plex,2020-10-27
2020-10-29,The Descent,2005,https://boxd.it/1qJbLz,3,,"Eh, it didn't live up to the reviews for me, unfortunately...

I didn't really find as scary as I was hoping (perhaps I expected more terror than gore and violence), so was a bit disappointed in that department.

Still worth a watch though.",cinehub,2020-10-28
2020-10-31,It Follows,2014,https://boxd.it/1qXjK3,3,,"Honestly just fob it off onto some businessman that commutes to a different country every month. Problem solved.

I'm having a bit of a lackluster time at the moment finding a horror film that hits the levels of tension and fear in looking for. I want to be physical scared by what I watch and I haven't yet found the film I'm looking for. <i>It Follows </i>definitely had its moments (my fitness band was happy to report a heart rate if 120bpm at some points) but overall I just felt a little bored by it, especially after hyping myself up for it for so long.",plex,2020-10-30
2020-11-01,Drive,2011,https://boxd.it/1r2BPb,4,Yes,"Always forget how unabashedly violent some of the scenes in this film are, and Iove it!",plex,2020-10-31
2020-11-01,The Life Aquatic with Steve Zissou,2004,https://boxd.it/1r5gWV,3.5,,"Oddly charming. Very Wes Anderson, but also very different to his other films (that I've seen).

Glad I watched it :)",plex,2020-10-31
2020-11-02,Train to Busan,2016,https://boxd.it/1rfmjZ,4,,"It took me <i>TWO </i>years to finally see it, and somehow it <i>still</i> lived up to my expectations!

Definitely one of my favourite zombie films to date. Jack, Manu, Caroline, Karinna, I still can't believe you watched it without me 😭",dvd,2020-11-01
2020-11-03,The Queen's Gambit,2020,https://boxd.it/1rmhFP,5,,This has to be one of <i>the </i>best shows I have <i>ever </i>watched! I can't remember the last time I've been so invested in a character and their story. <b>Incredible. </b>,netflix,2020-11-02
2020-11-03,The Cloverfield Paradox,2018,https://boxd.it/1rn33T,2,,"Awful, bad, horrible film. I'm annoyed I spent 1h40 watching this. It's not a Cloverfield film whatsoever. 

I feel like this is a great example to show someone when they want to know what makes a film script bad.",netflix,2020-11-02
2020-11-04,Insomnia,2002,https://boxd.it/1rtMpn,4,,"I think if Pacino had faced away from the window, he might've found it a bit easier to sleep. Food for thought...",plex,2020-11-03
2020-11-06,Pan's Labyrinth,2006,https://boxd.it/1rEBZr,3.5,,"Not as much fantastly as I was expecting/hoping for, but still a great film!

I'm sure there was some kind of underlying socio-political commentary as well; I'll let you know once I work out what it was.",dvd,2020-11-05
2020-11-07,Twelve Monkeys,1995,https://boxd.it/1rJDu1,3.5,,"An incredibly frustrating, <i>stressful </i>film to watch, I won't lie.",plex,2020-11-06
2020-11-08,The Greatest Showman,2017,https://boxd.it/1rPk8x,3.5,,"<b>PT: </b>I want you to run this show now.

<b>Phillip: </b>Wow, thank you PT! 

<b>PT:</b> But it's staying a 50-50 split.

<b>Phillip:</b> Oh, okay. 

<b>PT: </b>And you'll be doing 100% of the work.

<b>Phillip:</b> Oh.

<b>PT:</b> While I watch my daughters do ballet (one of them is the tree).

<b>Phillip:</b> 😶",plex,2020-11-07
2020-11-14,The Hunt,2012,https://boxd.it/1spFvf,5,,"I don't know <i>where</i> to start with this. Beautiful, hopeless, harrowing, unrelenting.",prime,2020-11-13
2020-11-16,Looper,2012,https://boxd.it/1sEagj,3.5,,"Would've been cool if this film had focused more on the time travel aspect. I feel like it was just used as a plot device to tell an otherwise pretty generic ""action movie story"".

Perhaps that was the intention, though? Maybe I just need to go and rewatch <i>Predestination</i> instead.",plex,2020-11-15
2020-11-19,The Founder,2016,https://boxd.it/1sVJZ3,3,,"A filmbro movie for capitalist Dads.
Watch as they try to explain how Ray Kroc was ""just doing good business"".",prime,2020-11-18
2020-11-20,Possessor,2020,https://boxd.it/1t0YPH,3,,"I wanted to like it.






I really did.",plex,2020-11-19
2020-11-23,Arrival,2016,https://boxd.it/1tjcXh,5,Yes,"This is my fourth watch, I think. And it's still abso-bloody-lutely incredible.

One of my favourite films of all time, no doubt.",plex,2020-11-22
2020-11-26,The Meyerowitz Stories (New and Selected),2017,https://boxd.it/1tF9RT,4.5,,"Oddly charming. Very much enjoyed watching this with my dad.

And what the fuck, Adam Sandler, maybe try starring in some more good films? You're a good actor!",plex,2020-11-25
2020-11-27,X-Men: Days of Future Past,2014,https://boxd.it/1tLxA5,4,Yes,This is a <i>good </i>X-Men film.,plex,2020-11-26
2020-12-04,Ocean's Eleven,2001,https://boxd.it/1uyzMZ,3.5,,heist :),plex,2020-12-03
2020-12-13,Nimic,2019,https://boxd.it/1vyPGH,3.5,,Very on-brand for Yorgos (<i>yes</i> we're on a first name basis).,plex,2020-12-12
2020-12-21,Another Round,2020,https://boxd.it/1wv27h,4.5,,It's very liberating to watch a film that wants nothing other than to tell a (really good) story.,plex,2020-12-20
2020-12-23,50/50,2011,https://boxd.it/1wJYkh,3.5,,"I wasn't too engaged with it near the start but I warmed to this film more and more as it went on.

The story was down-to-earth, the characters were realistic, and it just hit all the right spots to even get a bit emotional at times.

Really recommend giving this a watch.",netflix,2020-12-22
2020-12-24,A Charlie Brown Christmas,1965,https://boxd.it/1wRctL,2,,Holy <i>shit </i>why are all the kids such arseholes towards Charlie Brown?,,2020-12-23
2020-12-25,FX's A Christmas Carol,2019,https://boxd.it/1x0BWL,4,,"I watched this as a three-episode supercut, and I still firmly believe this is one of the best adaptations of <i>A Christmas Carol </i>out there (although my only other reference point is the Jim Carrey version, so maybe worth taking my opinion with a grain of salt?)

Guy Pierce does an incredible job as Ebenezer Scrooge and I just love everything about this, <i>especially</i> the set design and soundtrack.",plex,2020-12-24
2020-12-27,Jumanji,1995,https://boxd.it/1xjMmd,3.5,,Unpopular opinion: <i>Jumanji</i> is a Christmas movie.,tv,2020-12-26
2020-12-27,Soul,2020,https://boxd.it/1xlCkP,4.5,,"Absolutely <i>spectacular. </i>I could tell I was going to love this from the very start, and it was a joy to watch right through to the end.

Pixar really knocked it of the park this time; I think it's very quickly become one of my all-time favourites.",plex,2020-12-26
2020-12-28,The Thing,2011,https://boxd.it/1xy2vX,3,,"I would've given it a five simply because, despite being a ""prequel"" to the original 1982's <i>The Thing, </i>there are way too many similarities to it in the storyline for it to make sense to me. 

<i>However</i>, I still enjoyed it (the CGI really wasn't as bad as people say), so let's bump it up to a 6 instead.",plex,2020-12-27
2020-12-29,The Midnight Sky,2020,https://boxd.it/1xK5Rr,2.5,,<i>Eh.</i>,netflix,2020-12-28
2020-12-31,Good Time,2017,https://boxd.it/1y3uMz,4,,"Holy fucking shit I <i>loved </i>this!
Absolute chaos from start to finish. 
Very reminiscent of Uncut Gems in the way it flowed.",plex,2020-12-30
2021-01-01,Prospect,2018,https://boxd.it/1yeMCT,4,,"There's something exhilarating about clunky, lo-fi science fiction. The technologies used are so close to current day counterparts that their weaknesses and limitations are still heavily apparent. In these movies the stakes are higher, the losses greater, and every tiny achievement - be it simply landing your drop pod, or retrieving a single rare gem - seems massive in comparison to the dangers you have to place yourself in just to survive. 

<b><i>Prospect</i> captures all of this and maybe more.</b>

I love science fiction, and I haven't been this engaged and interested in a film of this genre since <i>Ad Astra </i>which, looking back at, I would say contains a lot of similarities. 
Pedro Pascal is, unsurprisingly, very good in this, and I hope we get to see Sophie Thatcher in a lot more stuff to come!

If I <i>had</i> to gripe about something, I would probably touch on the ""indie-ness"" of it a bit; the locations sometimes feel a bit <i>too</i> Earth-like (which is understandably tricky and probably unavoidable when working with a low budget), and it occasionally drew me out of the immersion and made me a bit too aware that I was watching some actors wander around in a Washington State rainforest.

<i><b>But</b></i>, I don't like that I've written almost as many words on my negative thoughts as my positive, because that <i>definitely</i> isn't representative. <i>Prospect</i> is a very good movie and really recommend you watch it.",plex,2020-12-31
2021-01-03,X-Men: Apocalypse,2016,https://boxd.it/1yEgbX,2,,"Very sad about this, because Apocalypse is a <i>Cool Character</i>, but this is a <i>Bad Movie.</i>

It felt just very flat all the way through, with no actual emotion or reason for me to care about any of the story or characters. Frankly, I was more interested in rooting for Oscar Isaac to take over Earth instead of the X-Men stopping him, which says a lot, I think.

Glad I watched it, but only because I'm trying to watch all the X-Men films, and this was the second to last one standing in my way. 

Also, it's <b>two and a half hours</b> long. 😠",plex,2021-01-02
2021-01-04,Serenity,2005,https://boxd.it/1yT88L,4,,"I really liked this! Haven't seen any Firefly, so I'll be watching that next and will perhaps then revisit and see what my thoughts are again.

It basically ticks all the boxes for what I enjoy in sci-fi, so that's a huge win.",plex,2021-01-03
2021-01-05,Logan Lucky,2017,https://boxd.it/1z44X3,2.5,,"I don't understand. It was so <i>dull.</i>
I feel like it had everything a fun, exciting heist movie should have, and yet it was just <i>not that.</i>",prime,2021-01-04
2021-01-09,Greed,2019,https://boxd.it/1zCDpN,3,,"Tricky one, this...

I don't know whether I should be concerned by how well Coogan played the role of a mega-rich, super exploiting billionaire to be honest 😅

I definitely enjoyed this film; it was a fast-paced, punchy take on the modern day fast fashion industry shown through the actions of one selfish, hungry businessman. It's not hard to believe people like this exist in the real world. In fact, I'm pretty sure it's ""based around"" one Philip Green - give him a quick search!

However, Greed does fail to hit its mark a lot of the time. I think it would be a lot weaker without Coogan in the lead role, and I also feel some of the ""social issues"" brought up in the movie came across a bit last minute and tacked on (see: the docudrama-style end credits wall of text).",dvd,2021-01-08
2021-01-12,Taxi,1998,https://boxd.it/1A6JJ5,3,,"A fun action comedy! Pretty light on the story but overall a good time and worth a watch.

Bonus points for being in French, too.",prime,2021-01-11
2021-01-13,Headhunters,2011,https://boxd.it/1Agm9N,3.5,,I do love me a good Scandinavian film,plex,2021-01-12
2021-01-15,John Wick: Chapter 3 – Parabellum,2019,https://boxd.it/1AAolL,3,,"Definitely the weakest of the trilogy, I think.
After a while all the gunfights and action sequences just begin to feel a but flat, <i>despite</i> the fact they're still some of the best in any movie I've seen.

Too much of a good thing, perhaps?",netflix,2021-01-14
2021-01-19,Sputnik,2020,https://boxd.it/1BgfAL,3.5,,"If you gave this to Hollywood, I honestly think they'd ruin it.

9/10 for most of it: the set design, the cinematography, the soundtrack, the acting. Really loved it!

I think it was just slightly let down by the story, as its pretty much a rehash of the ""parasitic host takes over a person's body"" trope.

Still very much worth a watch, though. Maybe you'll rate it higher!",netflix,2021-01-18
2021-01-20,Redline,2009,https://boxd.it/1BoSdH,4,,Basically Speed Racer but even better!,,2021-01-19
2021-01-22,Locke,2013,https://boxd.it/1BEzQH,3.5,,"Honestly, fuck Chicago.",prime,2021-01-21
2021-01-24,Limitless,2011,https://boxd.it/1BXbw7,3,,"This is such a filmbro movie.

And I hate to admit that I enjoyed it.",netflix,2021-01-23
2021-01-25,Dredd,2012,https://boxd.it/1C8ux1,3,Yes,"Felt a lot slower and less intense than the first time I watched it, but perhaps that's just because I knew what to expect going into it.

This movie is disappointingly Generic Action Movie in my opinion, especially because I really like the concept behind Dredd and wish it would expand a bit more into Mega City One, instead of trapping us inside a big tower block and rehashing The Raid (2011).

Holding out for a sequel...maybe...not.",netflix,2021-01-24
2021-01-26,Hellboy,2004,https://boxd.it/1Chsxr,2.5,,"I feel like I should've enjoyed this more than I did.

Helloby is a really likeable character, but there was just no reason for me to feel invested in anything that happened!
I think the villains could've be improved a lot, as a clockwork Nazi that spins its swords around lots just doesn't really cut it (choosing to ignore Rasputin and his 101 Hellhounds because they really are just inconsequential to the entire storyline).",plex,2021-01-25
2021-01-27,The Other Guys,2010,https://boxd.it/1Co07f,2.5,,Not really my kind of thing but I can see why people would enjoy it,,2021-01-26
2021-01-29,Hellboy II: The Golden Army,2008,https://boxd.it/1CEjzJ,4,,"Miles, MILES, better than the first one! Very del Toro, very engaging, and very good!",netflix,2021-01-28
2021-01-30,The Dig,2021,https://boxd.it/1CKIcR,3.5,,Carey Mulligan please may I marry you?,netflix,2021-01-29
2021-01-31,Sorry to Bother You,2018,https://boxd.it/1CU7ZR,4,,"One of the weirdest movies I've ever seen, and unlike anything I've watched before. And somehow, it still manages to be good!
Big supporter of the horseplay in this one 😊",netflix,2021-01-30
2021-02-05,Darkman,1990,https://boxd.it/1DEdeT,2,,Mmmm no. No thank you.,netflix,2021-02-04
2021-02-06,Hope Gap,2019,https://boxd.it/1DLJpN,2,,"It's a risky move making one of your main characters so manipulative, provocative, toxic and unlikeable in every way.

I'm this movie's case, it didn't pay off. I fucking <i>hate</i> Bening's character with every fibre of my being and I'm annoyed I had to watch 1h40m of her on-screen. Bill Nighy was clever to get away when he could, and Josh O'Connor should've stayed in London.

This was such a <i>non</i>-movie.",netflix,2021-02-05
2021-02-07,Greenland,2020,https://boxd.it/1DVMsF,3,,<b>POV: </b>You are Gerard Butler and you singlehandedly decimate an entire United States Air Force base's evacuation plans by going back for your son's insulin.,prime,2021-02-06
2021-02-08,Arlington Road,1999,https://boxd.it/1E6FGd,4,,"Very much enjoying reading all the 1-star Amazon reviews complaining about it not having a classic ""good guy beats bad guy"" Hollywood ending.

My expectations were successfully subverted. Really enjoyed this movie.",prime,2021-02-07
2021-02-12,X-Men: First Class,2011,https://boxd.it/1ECtMd,3.5,Yes,"Gee, I <i><b>wonder</b> </i>what made me want to watch this movie again.
I think I had a <b><i>vision</i></b> that some of the characters in it were going to become important again in the near future?

---
Pretty good X-Men film overall, I'd say. Definitely one of my favourites. McAvoy and Fassbender as Xavier and Magneto are really, really good in my opinion, and a damn sight better than those old codgers that were cast in the first movie (I jest 😉)",plex,2021-02-11
2021-02-16,Hotel Artemis,2018,https://boxd.it/1FfbqL,2,,"Despite the strong cast and (quite) cool premise, this film just kind of washed over me. ~*Events transpired*~

Was very cool to see Zachary Quinto again, ngl.",netflix,2021-02-15
2021-02-18,The Spy Gone North,2018,https://boxd.it/1Fw1QX,3.5,,"I didn't understand most of it, but the vibes were good",prime,2021-02-17
2021-02-21,I Care a Lot,2020,https://boxd.it/1FXzsT,3,,"I think it probably was a good movie, yeah. Was spoilt for me by the women vs. men dynamic which ran throughout and really just felt shoehorned in for the sake of it. ",prime,2021-02-20
2021-02-22,What If,2013,https://boxd.it/1G8QVF,3.5,,"A pretty simple, funny, heartwarming romance. Maybe a bit shallow in some places?
Either way it made me feel all the emotions I wanted to feel going in, so yeah, I had a good time :) 

Also bonus points for surprise Mackenzie Davis, and Adam Driver (unsurprisingly) stealing the show.",netflix,2021-02-21
2021-02-23,The Garden of Words,2013,https://boxd.it/1GhVjf,4,,"One of the most beautifully-animated animes I've ever seen, rivalled only by <b>Your Name.</b>

Heartbreaking yet hopeful, this definitely worth watching, and it packs a surprising amount in its 45 minute runtime.

---

I read some other people's reviews and let myself be influenced by their opinions. It's definitely not as profound as it tries to be, and there are a few things that are quite difficult to look past when enjoying the film (namely a pretty sizeable, and questionable, age gap between the two characters).

Idk, I still enjoyed it but I completely see where everyone else is coming from.",plex,2021-02-22
2021-02-24,Coco,2017,https://boxd.it/1Gpys5,4,,"Not ashamed to say I cried a few times while watching this. Movies with a focus on the importance of music (amongst other things) have a special place in my heart, and <b>Coco</b> serves a demonstration of how it can bring families together and repair old relationships, no matter how ""broken"" they are.",plex,2021-02-23
2021-02-25,Inside Man,2006,https://boxd.it/1Gx8sJ,4,,"I <i>really</i> enjoyed this! 

I'm struggling to put my thoughts into words because I'm terrible at writing reviews and am in no way qualified for longform.

It's tense, it's enthralling, it's meticulously-crafted, and yet somehow also manages an ocassional air of levity and humour to perfectly balance it out.

Go into this expecting a good film, and you'll be greatly rewarded.",netflix,2021-02-24
2021-03-01,Sound of Metal,2019,https://boxd.it/1H5nhf,4.5,,"I was considering giving this 4 stars, but then I took a look at the other movies I'd recently given the same rating, and I read some other people's reviews, and I realised it definitely deserved higher.

<b>Sound of Metal</b> masterfully depicts the struggle of such a life-changing event, and how Riz Ahmed's character has to suffer, learn to cope with, and, in some ways, ultimately come to appreciate his new way of living life.

There were some truly crushing moments in this for me, and the entire film is supported by one hell of an incredible cast. I also want to applaud this film's sound design for so eloquently depicting what it would be like to be in Ruben's position. 

Probably my top watch of 2021 so far.

---

Also, I watched the first half of this movie without subtitles, before thinking that it might possibly be a good idea to turn them on in case it shed any light on the sign language used throughout. In my opinion, it didn't really add anything, so if you can do without then you won't miss out.",plex,2021-02-28
2021-03-02,Sully,2016,https://boxd.it/1Hd3sj,4,,"Movies like this always, <i>always</i> hit me really hard emotionally, and <b>Sully</b> was no exception.

It's not quite on par with <b>Captain Phillips</b> in terms of its story or scale, but Hanks was talented as always and overall I really enjoyed it.",prime,2021-03-01
2021-03-04,Zero Dark Thirty,2012,https://boxd.it/1HsZ29,3.5,,"Whenever there's a story about Al Qaeda, terrorism, bin Laden, the American military, there's a risk that a movie will go full yee-haw gung-ho and glamorise the <i>crap</i> out it.

I so glad <b>Zero Dark Thirty</b> didn't.

As far as I could tell, <b>ZDT</b> was simply a gritty, on-the-nose retelling of events (from a US perspective, of course) following the hunt for Osama bin Laden and the people behind it. 

This is an epic tale spanning many years, and I really appreciated the division of the film into lots of little ""acts"", all of which culminate in the thirty minute, near silent finale which is an incredible payoff for an already incredible movie.

Chastain was perfect in her role, and I couldn't imagine many other people who could take her place as lead and display the same focus and determination she did. Honestly, and I know this is probably the point, everyone else was very incidental and only served as characters to play off and interact with hers. But I think that worked really well. 

100% must-watch if you haven't seen it already. It hits somewhat differently after having literally watched <b>The Report</b> the day before, too.

Not sure why I'm only giving it a 7/10, though. I think I'm going through a phase of doubting my own opinions.",plex,2021-03-03
2021-03-06,WandaVision,2021,https://boxd.it/1HF2tL,3,,"Really wasn't a fan of this show to be honest.

I don't know if I just missed out on what everyone else loved about it, or if it was an <i>Emperor's New Clothes</i> situation but I just feel like there was so much build up in the first few episodes...and for what? Basically nothing of any note. 

The finale was a massive let down and I honestly believe you could skip the entire show and not miss out when you come to watch any of the Phase Four Marvel movies. I don't think that's a great sign for the quality of a TV series.

p.s. Don't even get me started on the episode lengths and the amount of credits in each. Maybe I would've enjoyed it more if I'd waited and binged it all in one go.",plex,2021-03-05
2021-03-06,Punch-Drunk Love,2002,https://boxd.it/1HH0sb,3,,"Boy does PTA know how to make a weird film!

I doubt I gave this as much attention as I ought to have done, so it probably deserves a rewatch at some point.",,2021-03-05
2021-03-08,The Place Beyond the Pines,2012,https://boxd.it/1I2fDl,3.5,,"1st part: yes
2nd part: no
3rd part: yes",,2021-03-07
2021-03-09,Raya and the Last Dragon,2021,https://boxd.it/1I9VrZ,3.5,,"Easily the most visually impressive and stunningly animated movie I've ever seen. I really loved the first half's ""episodic"" style, and the soundtrack wasn't half bad either. 

<b>Raya</b>'s story isn't anything to write home about, though; it felt pretty cookie-cutter in its themes of loss, unification, trust, and humanity. However, that's almost to be expected from a Disney movie, and I went into it expecting as much, so I wasn't even disappointed.",,2021-03-08
2021-03-10,The Game,1997,https://boxd.it/1IhWph,4,,"Holy. Fucking. Shit.

What an <i>incredible</i> movie! I had a huge, stupid grin plastered across my huge, stupid face the entire time.

Incredible sense of mystery, unease, and paranoia throughout, and honesty I had no clue as to what was <i>really</i> the truth right the way through to end.",,2021-03-09
2021-03-14,Elizabeth,1998,https://boxd.it/1IKRSV,3,,I would accept Cate Blanchett as my queen,,2021-03-13
2021-03-15,The Shining,1980,https://boxd.it/1ISQhF,4.5,,"Gripping from start to finish. I forgot how amazing this movie was, and I'm so glad I watched it a second time.

Gonna be following it up with <b>Doctor Sleep</b> straight away becuase I think it'll be really cool.",,2021-03-14
2021-03-16,Doctor Sleep,2019,https://boxd.it/1J3G7x,4,,"Yes! This is good shit!
This is a <i>great</i> sequel!

I really liked how this actually continued on the story from <b>The Shining</b>, and introduced its own, new ideas, without also being a re-hash of the previous movie (or adding new ""lore"" which doesn't already kind of work with the world set out).

It's been ages since I've seen Ewan McGregor act in anything, and I really missed him!",,2021-03-15
2021-03-18,Mississippi Grind,2015,https://boxd.it/1Jj9en,2.5,,"It took me <i>so</i> long to finish this movie. I started it three or four days ago, got distracted by something else halfway through, and then just couldn't find any reasons or motivation to finish watching it (other than so I could get it off my Plex and free up some space (1TB hard drive gang wya?)).

I didn't really enjoy <b>Mississippi Grind</b> as much as I was expecting. I'd seen people describing it as a ""buddy film"" and I guess that made me go into it expecting something a little more upbeat. Instead, I got a story about the depressing outcomes of a gambling addiction and a journey across midwestern(?) America - I know there's a lot more to analyse about this movie but I'm too pea-brained to do so myself. 

<i>Mendelsohn</i> and <i>Reynolds</i> are both very good in it, though, but I'm struggling to find much more to say really. I guess I just found it overall a bit of a...grind. *audience groans*",,2021-03-17
2021-03-20,The Falcon and the Winter Soldier,2021,https://boxd.it/1JE0tF,,Yes,"Pretty excited for this show! Will try and update with a score for each episode here.

<b>Episode 1:</b> 6/10
Pretty setup-heavy and felt quite like Phase 1 Marvel, which I liked. Introduced a bunch of characters early on and I'll be interested to see who sticks around for the whole series.

<b>Episode 2:</b> 5/10
Something definitely feels off about this series to me so far, but I can't quite place what it is. I think the story's getting off to a weak start, and I'm not sure where it's planning on going; it feels far too generic and not really linked enough to anything <i>that</i> ""Marvel"" at the moment. Glad to see the relationship between Bucky and Sam fleshed out a little bit and new Cap has the potential to become a more interesting character, I hope.

<b>Episode 3:</b> 7/10
Definitely feels like the story is coming together more now, or maybe I'm just finally understanding what's going on. Madripoor looks <i>very </i>cool, and I really hope we get to see more of it this series! Karli is still giving off a bit too much ""angsty teenager"" energy for my liking but hopefully that subsides a bit in the coming episodes because it makes it hard for me to care about her mission at the moment.

<b>Episode 4:</b> 8/10
Best episode so far! I'm writing this a good few days after I watched it, so my thoughts aren't that fresh, but some really interesting character arcs are beginning to form and I think that's going to make for a very good second half of the show.

<b>Episode 5:</b> 8/10
Damn lol, the Flag Smashers really aren't that scary a villain that have in a show like this. Ooh, spooky, they cause flash mobs of people and blow stuff up but are otherwise just small-to-medium-level terrorists? And their leader is just a teenage girl with Angst? Maybe that's the point? I don't know.
Glad to see Sam and Bucky acknowledge that they'll never be as close with each other as they were with Steve, and I think that was a big turning for them and for us seeing them in future shows. Also a massive ""hell yeah"" that Sam is picking up the mantle!!!

<b>Episode 6:</b> 6/10
Quite a disappointing finale to the series, although I don't really know what other direction it could've gone in. Very much hoping that's it for the Flag Smashers because, while their political motives are at least interesting, they're in no way cut out for being a full-scale Big Bad Evil (not that I think anyone's saying that).",,2021-03-19
2021-03-21,Zack Snyder's Justice League,2021,https://boxd.it/1JJzz9,4,,"I never watched Whedon's Justice League so I suppose I have no point of comparison but I genuinely <i>really</i> enjoyed the Snyder Cut.

It actually felt like the movie used its four-hour runtime effectively, for the most part, and there weren't many points where I wish it had sped up or skipped over any scenes (a lot of those moments were concentrated nesrter the end, to be honest).

I think DC has managed to carve out a pretty decent spot from Marvel's (pretty sizeable) monopoly on the superhero movie market, setting itself apart as something a bit darker and more gritty; the fights are stronger, the lu ches hit harder, and I kind of felt like the characters <i>cared</i> a bit more, too. Maybe I've just been missing my fix of mainstream supe movies, though, so who knows?

If I had to pick out some things which I wasn't as much a fan of, I'd definitely go for the easy targets and complain about the over-use of slow-mo scenes (and also how <i>long</i> each one was!), as well as DC's inability to use any colours other than black, blue, and orange. I get that they're probably aiming for a consistent theme throughout they're movies but a bit more of the colour wheel would be greatly appreciated.",,2021-03-20
2021-03-25,Kick-Ass,2010,https://boxd.it/1Ki961,3,Yes,"Sad to waste two hours of my life watching this, only to realise I've already seen it!",,2021-03-24
2021-03-26,Aniara,2018,https://boxd.it/1Kpxed,3,,"Hard to know how to rate this one.

Definitely depressing, and I'm sure there's some symbolism in it about humanity inevitably destroying whichever host it lives on, and us needing to be grateful for (and take better care of) Earth.",,2021-03-25
2021-03-29,Logan's Run,1976,https://boxd.it/1KPJPH,3,,"Jessica: ""Oh it's so cold! Maybe we can wrap these [animal furs] around us to keep us warm.""

Logan: ""Yes, but first let's take our clothes off before they freeze us!""

Logan, you cheeky bugger!",,2021-03-28
2021-03-30,Fargo,1996,https://boxd.it/1KYK8R,3.5,,"I can see why it's the sort of film people would rate highly but I didn't quite gel with it as much.

Glad to have finally watched it, though.",,2021-03-29
2021-03-31,Shazam!,2019,https://boxd.it/1L6Q2r,3.5,Yes,"This film has <i>such</i> a strong first half but I feel like it's completely let down by a very weak and cheesy final act.

Levi is great as Shazam! and all of interactions between him and Freddie are a joy to watch. Just not too keen on the whole, ""there's a whole family of Shazams now"" stuff (even though I know it was in the comics).

Obviously very different to DC's Snyderverse, and I can't imagine they'd try and merge the two...that would be very strange ngl.",,2021-03-30
2021-04-04,The Maze Runner,2014,https://boxd.it/1LG3fD,3.5,Yes,"I'm watching the Maze Runner trilogy because I'm desperate to know the story but don't fancy reading the books (and the Wikipedia synopsis is cheating). 

Fully expecting the following two movies to be utterly crap but this one really isn't too bad! As far as the storyline goes it's definitely interesting, and the cinematography and CGI are impressive enough too. I think the soundtrack could've been better, though, as it felt far too generic with a distinct lack of thought put in to creating a unique and appropriate atmosphere.

Overall, though, yeah. Not bad!",,2021-04-03
2021-04-06,Maze Runner: The Scorch Trials,2015,https://boxd.it/1M0z9R,3,,"My favourite part was when Thomas said, ""What is this? Some kind of Scorch Trial?""",,2021-04-05
2021-04-08,Face/Off,1997,https://boxd.it/1MibFv,4.5,,"Ridiculous, daft, and over-the-top in all the best ways!

Travolta and Cage play their roles amazingly as arch-nemeses and I had a blast all the way from start to finish. One of Cage's best performances, I think, even if he <i>did</i> spend most of it as John Travolta.",,2021-04-07
2021-04-16,Page Eight,2011,https://boxd.it/1NsdJN,3,,"The kind of movie where you watch the entire 1h40m runtime, and there's <i>still</i> 20 minutes left to go.

Also, Paul Englishby has the <b><i>audacity</i></b> to write two incredible pieces of jazz for the start and end of this movie and not release them anywhere for me to listen to afterwards!",,2021-04-15
2021-04-19,Maze Runner: The Death Cure,2018,https://boxd.it/1NTvBB,2,,"Honestly some of the most generic, uninspired drivel I've ever had the displeasure of watching.

<i>Death Cure</i> is all explosions, gunfire and shattered glass with no substance to back it up, coupled with every trope you could expect from a YA Sci-fi book turned movie.

And they didn't even have the decency to keep Newt alive to the end. 😡",,2021-04-18
2021-04-21,Spectral,2016,https://boxd.it/1ObJXn,2,,"Take a shot every time someone says some variation of, ""move it"" or, ""let's go!""

Really aggressively mediocre story and acting, but surprisingly good CGI!",,2021-04-20
2021-04-24,The Falcon and the Winter Soldier,2021,https://boxd.it/1OwrP3,2.5,Yes,"I didn't enjoy this as much as I was hoping. And I was <i>really</i> hoping it was going to be amazing.

When we watched the first episode all my friends bemoaned the fact it felt like we'd gone straight back to Phase One Marvel, with none of the crazy, wacky, magical multiverse stuff that WandaVision set up and basically worked off. Personally I wasn't too bothered by it and welcomed something a bit more ""grounded in reality"" instead of being too unbelievable. But boy oh boy, though, this shit got dull <i>fast</i>! I've become so used to Phase Three Marvel that watching a bunch of strong people punch each other and run around warehouses has become really dull!

I did like the political and humanitarian sides of this show, though, because I don't really feel like Marvel has taken the time to address them in anything else of theirs yet. Not sure I'm qualified to assess how <i>well</i> they covered them but I at least feel like it was taken seriously, sensitively and with the best of intentions?

Looking back I definitely enjoyed WandaVision more, which I'm surprising myself by saying, but FATW is definitely worth at least a 6/10 overall.

Praying for Loki to blow these previous two shows out of the water, ngl.",,2021-04-23
2021-04-25,Stowaway,2021,https://boxd.it/1OJWcd,3,,"Not quite the Sci-fi thriller I was expecting, but overall a very competent movie.",,2021-04-24
2021-04-28,Nobody,2021,https://boxd.it/1PdbWD,3.5,,"Glad I watched it, and the first half or so felt very novel and entertaining!

Was let down a little bit in the second half with the classic ""evil Russians"" cliche and the budding up with old friends trope, which just led to it all feeling a bit hollow for me.

Odenkirk is absolutely great, though, and I really need to see him in more stuff! Might even have to put myself through Breaking Bad so I can then watch Better Call Saul or something.",,2021-04-27
2021-05-09,Giri/Haji,2019,https://boxd.it/1QGS21,4,,"Yeah, this is good. Like, <i>really </i>good.

It's refreshingly different to your average drama, with some really imaginative cinematography, a beautiful multi-culturalness, and a well thought out, intricately woven storyline.",,2021-05-08
2021-05-14,The History of Future Folk,2012,https://boxd.it/1RlLqn,2.5,,"Definitely not what I was expecting - especially with the <i>incredibly</i> misleading poster that Netflix showed me - but it had its  moments of whimsical charm.

The music was the best part of this, which is good I suppose, given that it's one of the main focusses of the movie. Aside from that though, I felt like the storyline was pretty weak and it kind of fell weirdly somewhere between ""indie musical"" and ""low budget comedy"".",,2021-05-13
2021-05-15,Take Shelter,2011,https://boxd.it/1RtICr,4.5,,"Honestly very powerful, and it spoke to me in some way I can't really explain. Shannon and Chastain both give amazing performances in this, and I'd be really pressed to find something I disliked.",,2021-05-14
2021-05-16,The Year Earth Changed,2021,https://boxd.it/1RDDfx,4,,"Really heartwarming, and a welcome change of pace from all the doom and gloom in the news at the moment.

It is depressing, however, to think/know that as soon as everything opens back up again life will go straight back to normal again and no-one will really bat an eyelid at the recoveries made by the planet and its species in our absence. Seeing how quickly the air pollution in some cities reduced once the roads emptied out was incredible; who'd have thought the Himalayas had been hidden behind that massive cloud of smog all this time!?

I hope enough people watch this because it was really good. Nature is healing and we are the virus.",,2021-05-15
2021-05-20,The Way Back,2020,https://boxd.it/1SaDAV,3.5,,"Ben Affleck is very good as usual! No surprises there, though.

Would've liked to see his personal battles interleaved a bit more with those of the basketball team, rather than them being split into very obvious segments, and the soundtrack could probably sound a little less generic?

Overall, though, I though this was a really solid movie!",,2021-05-19
2021-05-24,Molly's Game,2017,https://boxd.it/1SHEgD,3.5,,It was fine. They definitely tried to hype it up by getting Jessica Chastain to narrate a bunch of fast-paced poker games and it worked because they were the most interesting bits!,,2021-05-23
2021-05-25,Dawn of the Planet of the Apes,2014,https://boxd.it/1SQ0fN,3.5,,"The soundtrack and cinematography in this are absolutely <i>amazing</i>.

I don't think <i>Dawn</i> is as good as <i>Rise </i>but it certainly nabs the second spot with ease.",,2021-05-24
2021-05-27,Promising Young Woman,2020,https://boxd.it/1T5fTD,3,,"Hmm, yeah... Interesting!

I'm not quite sure what my thoughts are on this one, because I didn't hate it but I also didn't like it all that much either.
It felt quite unsure in its footing, especially the first half, and was nowhere near as polished as I thought it would be.

Carey Mulligan is, unsurprisingly, amazing in her role and Burnham is...okay, I guess? I haven't seen him before in <i>anything</i> so this was his acting debut for me. Everyone else, however, felt like single-use characters, used solely for the purpose of moving a scene forward.

I think the storyline had a lot of potential and I was a little disappointed with how it ended, too. Would've liked to see it fleshed out more, although maybe that would be hard for an admittedly small-scale revenge flick like this - I think that's what frustrates me slightly: it could've been so much more, and had a much larger, emotional impact than it did.",,2021-05-26
2021-05-29,Army of the Dead,2021,https://boxd.it/1TjI8f,2.5,,😒,,2021-05-28
2021-05-31,A Quiet Place,2018,https://boxd.it/1TBVhv,4,Yes,"Basically as good as I remember!
Shame about the people across the aisle from me who decided the best use of their £16 ticket was to provide each other with a running commentary <i>all</i> the way through.

It's crazy how much respect <i>A Quiet Place</i> demands from its viewers, in terms of sitting as silently as possible, carefully eating their snacks to avoid crackling the packaging and incurring wrath of all the other moviegoers. And everyone complies!

Can't wait to watch the second part!",everyman reigate,2021-05-30
2021-05-31,A Quiet Place Part II,2020,https://boxd.it/1TDlLt,4,,"Just as good as the first one, I would say.

It definitely helped that I went to a back-to-back screening of the two movies (thank you Everyman for hosting it), and that <i>Part II</i> picks things up from pretty much exactly where the original left them.

Cooler setpieces, more characters, more story, more monsters! It's exactly what I'd hoped it would be.",everyman reigate,2021-05-30
2021-06-06,The Daytrippers,1996,https://boxd.it/1Uqltn,4,,"I felt a connection to this movie on a really compelling level.

This story taking place over the course of a single day in 90s New York, filled with a cast of eccentric caricatures and set to a wonderfully breezy yet emotional soundtrack make for an extremely authentic-feeling setting - one which I'd love nothing more than to be able to live in and experience for myself. 

The acting felt a little ropey at some points, especially near the beginning, but that to added to this film's charm for me. There were some lovely comparisons of similarity between different characters, too, which I would love to keep an eye out for again on another watch!

Schreiber absolutely stole every scene he was in, with the ""educated, overly self-important writer"" role he plays.",,2021-06-05
2021-06-18,Demon Slayer -Kimetsu no Yaiba- The Movie: Mugen Train,2020,https://boxd.it/1VXxTH,4,,"Literal <b>chills.</b>

<i>Demon Slayer</i> is an incredible series in many ways, and <i>Mugen Train</i> serves as a great accompaniment to - and continuation of - the TV anime. 

In the space of just two hours we're treated to a great story, emotional character development, and some of the most wonderfully-crafted fight sequences I've ever seen, all coupled with the same amazing animation, sound design and soundtrack that made Season 1 so popular.

Highly recommend watching this if you've finished the first season of Demon Slayer, and I <b><i>massively</i></b> recommend watching the first season of Demon Slayer if you still haven't seen <i>that</i>!",,2021-06-17
2021-06-20,Soul,2020,https://boxd.it/1WcVoX,4.5,Yes,"I enjoyed this even more the second time around!

Stunningly animated, beautifully scored, and it tells a really powerful, emotive story that perhaps caters more to older viewers than younger audiences, which is a really good move I think.",,2021-06-19
2021-06-20,Piper,2016,https://boxd.it/1Wdq1Z,4,,"Head empty. No thoughts, only piper.",,2021-06-19
2021-06-22,Little Miss Sunshine,2006,https://boxd.it/1Wv9aB,3.5,,You've gotta love a big family dance number.,,2021-06-21
2021-06-29,The Wolverine,2013,https://boxd.it/1Xonuv,3.5,Yes,"It feels kinda weird to see Wolverine in a movie with any reference to X-Men whatsoever, but I don't think it was bad by any stretch.

The action sequences were really fun (especially the bullet train) and I appreciate how Wolverine's abilities are beginning to be framed more as a curse of life now. It sets up the theme for movies like <i>Logan </i>really well. 

I do think it was probably a little long for my liking, and the final act was definitely quite anticlimactic but it overall it was a good watch and a neat addition to the X-Men series (even though it basically has very little bearing on any of the other movies)!",,2021-06-28
2021-07-01,The Devil Wears Prada,2006,https://boxd.it/1XBZ8N,4,,"I have no idea <i><b>when</b> </i>I watched this but I saw a trailer and instantly knew that I definitely did at some point, and had a great time too!",,2021-06-30
2021-07-01,Haywire,2011,https://boxd.it/1XCI1R,2.5,,"It's a competent spy thriller, but it's also just a bit <i>dull</i>.

Carano really doesn't look like she's putting any effort into her acting whatsoever, and comes across incredibly wooden and uncaring for the duration of the movie.

The story is bland and uninteresting (and also a bit confusing), which is a shame because the cast has so much potential (McGregor <i>and</i> Fassbender!?) and I just feel like they're not utilised at all to do anything extraordinary!

The film is perforated with these long moments of silence, with or without dialogue, and I feel like Soderbergh was aiming to use these to inject tension and emotion into the scenes, when really all they achieve is a sense of awkwardness instead... 

The cinematography and soundtrack, on the other hand, are really quite good. David Holmes's score is jazzy, intriguing and mysterious, and Soderbergh frames his shots beautifully and really works to make every shot interesting. 

The fight scenes were also surprisingly good! They lack all of the intensity and punch of Hollywood action movies and are instead are full of long cuts and brutal choreography which serves really well in conveying their realism and keeping them feeling grounded.

Probably worth a watch, especially since its only an hour and a half long.",,2021-06-30
2021-07-02,No Sudden Move,2021,https://boxd.it/1XL1Ef,3.5,,"Stylistically, everything about this was on <i>point, </i>but damn if the story didn't fly over my head a bit. I think I'll need to watch it again sometime to fully appreciate it.

Soderbergh's decision to film everything through a fisheye was a choice, too. Feel like my eyes did me a runner whenever there was a long panning shot (spoiler alert: there were many)",,2021-07-01
2021-07-03,The Tomorrow War,2021,https://boxd.it/1XT4fj,3.5,,"I'm really sorry but I actually quite enjoyed this movie!

It's a Hollywood cheese-fest turned up to 11 but it does it <i>so</i> well and feels <i>so</i> gratifying to watch.

Aliens that shoot <i>spikes</i> from 5-meter long <i>tentacles</i> on their <i>backs</i>? Mental. 

Swarms of said aliens climbing up the sides of buildings? Mental.

Hand-to-hand <i>combat</i> with the Alien Queen on the edge of an arctic precipice? Fucking <i><b>mental.</b></i>

I had a <i>lot</i> of fun and I'm not ashamed to say it.",,2021-07-02
2021-07-04,The Great Gatsby,2013,https://boxd.it/1XYFSn,2,,"Honestly fuck it this movie is so dull and Di Caprio says ""old sport"" so much I want to off myself

The only redeeming part is Carrie Mulligan.",,2021-07-03
2021-07-07,The Talented Mr. Ripley,1999,https://boxd.it/1Yx2nl,4.5,,"Utterly gripping, and hauntingly beautiful.
I enjoyed this movie far more than I expected I would, and was drawn in by its incredible cast and deeply interesting story.

Struggling to actually write a proper review because, well, I'm bad at writing reviews but I would definitely watch again.

Matt Damon honestly does some of his best acting here, and it's my headcanon that the end of this movie ties directly into the beginning of <i>The Bourne Identity</i>",,2021-07-06
2021-07-09,The Informant!,2009,https://boxd.it/1YMNeZ,3.5,,"An shockingly unbelievable story which grows and grows and spirals out of control as the movie progresses and the pieces of the puzzle fall into place.

Soderbergh perfectly combines the serious content matter of an investagtion into corporate fraud and embezzlement with the levity of an upbeat, almost slapstic sountrack to create a truly unique and enjoyable movie!

Matt Damon is, unsurprisngly, the linchpin of the entire film, carrying it from scene to scene with some really great acting and once again proving how talented he is at playing a huge range of different characters - I recently watched <i>The Talented Mr Ripley</i> and you'd almost think his parts were cast to two different people.

I really enjoyed this!",,2021-07-08
2021-07-11,Black Widow,2021,https://boxd.it/1Z6e3R,3,,"Things I liked about Marvel's <i>Black Widow</i>:
- Marvel movies are back! 
- Florence Pugh
- <b><i>TASKMASTER TASKMASTER TASKMASTER</i></b>

Things I disliked about Marvel's <i>Black Widow</i>:
- It's dull and feels inconsequential to the rest of the MCU
- Dreykov sounds like a New Yorker sometimes
- Taskmaster gets like <i>no</i> screen time AND should've had so much more
- Also the other thing about Taskmaster",,2021-07-10
2021-07-15,Loki,2021,https://boxd.it/1ZGiY5,3,,"<b>Spoilers ahead!</b>

Mmm, yeah, well at least it was better than <i>Falcon & The Winter Soldier</i> (by a <i>lot</i>).

As with the previous two Marvel TV shows, I think Loki suffers from a case of Massively-failing-to-live-up-to-audiences-expectations Syndrome. The direction the showrunners took the storyline in from Episode 2 onwards was entirely not what I was hoping but you know what, I can live with that. 

They pulled my interest back with conspiracy theories and mysterious, unanswered questions, all hinting at some Grand Reveal™ in the season finale and guess what? <i>A fat load of Nothing!</i> No decisive end to the first season, only filler, exposition and setup to keep the viewers hanging on so Disney can milk their wallets just a little bit more with Loki Season 2, which <i>has</i> to be so much better, right guys? I'm sure everyone online will continue to rave over this show as if it's the second coming of Christ because Marvel have some dedicated fans yo!

...

Still miles better than <i>Falcon & The Winter Soldier</i>, though...although that's not a very high bar.",,2021-07-14
2021-07-16,The Girl with the Dragon Tattoo,2011,https://boxd.it/1ZQ7PL,4.5,,"Fincher, you amazing man, you've knocked it out of the park yet again.

Perhaps the fastest two-and-a-half hours I've ever spent, full of gritty cinematography, tense writing and an eerie, beautiful score to round things off.

Rooney Mara <i>absolutely</i> steals the show. This is her movie through and through, and it's made only better with the likes of Craig and Skarsgård performing their roles to perfection as well. 

The first half in particular is utterly incredible. It's fast-paced, intriguing and draws you in right from the start, until you reach the halfway mark and realise you're perching on the edge of your sofa, hand over your mouth, completely lost for words and desperate to know what happens next. 

I'm just sad there aren't more of these for me to watch. 

<i>Can we talk about that title sequence too? Amazing!</i>",,2021-07-15
2021-07-17,Murder Mystery,2019,https://boxd.it/1ZZyb7,2,,It was pretty atrocious...but also quite fun.,,2021-07-16
2021-07-18,The Change-Up,2011,https://boxd.it/20a4xp,1.5,,Oh god this made <i>Murder Mystery</i> look good.,,2021-07-17
2021-07-19,Color Out of Space,2019,https://boxd.it/20q4dr,3.5,,"I'm usually someone who prefers to know exactly what's going on in a movie at all times, but every so often I really enjoy subjecting myself to more surreal titles, where there may not be a clear resolution, or where questions are left unanswered at the end.

<i>Color Out of Space</i> definitely fills this position and I really enioyed it!

It wasn't the best in terms of acting, or editing but it was competent and that's enough for me.",,2021-07-19
2021-07-20,Jaws,1975,https://boxd.it/20uRwF,4,,there is a big shark :),,2021-07-19
2021-07-24,The Post,2017,https://boxd.it/213dmF,3.5,,"<i>""the only way to assert our right to publish, is to publish""
</i>
I enjoyed this! It was well-paced, had a stellar cast - the kind where you keep pointing out, saying, ""oh! He/She was in [show]!"" all excitedly - and fitting soundtrack too.

The only slight downside was that it was fine. That's it. Just fine. I felt it was lacking something. Some oomph. Not sure why though, but it's why I don't feel able to give it above a 7.

Still very enjoyable, though, and a fine addition to the collection of ""press discovering massive scandal"" genre.",,2021-07-23
2021-07-27,Stranger Than Fiction,2006,https://boxd.it/21voTh,4,,"I fully expected this to be a low-effort, brash movie that one might find buried in the depths of Netflix under the ""Laugh Out Loud Comedies"" section. 

Instead I just spent the last two hours watching a beautifully heartwarming, thoughtfully-crafted, incredibly inventive story about, amongst other things, a man breaking free of his monotonous life through a seemingly innocuous interaction with a woman in a bakery. 

Will Ferrell gives the best performance of his career alongside Emma Thompson, Dustin Hoffman and Maggie Gyllenhaal, who all just light up this movie in the best of ways.

I'm so glad this subverted my expectations because that only made it all the more enioyable.",,2021-07-26
2021-07-28,A Parks and Recreation Special,2020,https://boxd.it/21CCRD,,,Wouldn't be fair to give this a rating. This is peak Early-Covid lockdown media at its best and I loved seeing all the cast again after recently having finished watching <i>Parks & Rec</i> myself.,,2021-07-27
2021-08-01,Prometheus,2012,https://boxd.it/22bIP9,3.5,Yes,"<i>Prometheus</i> kind of reminds me of the <i>Cloverfield</i> ""trilogy"" in the sense that it really feels like this could've been a standalone film at first, with the Alien parts tacked on at the last minute to tie it to something more substantial and perhaps help with ticket sales on release day. If it weren't directed by Ridley Scott himself then I think I'd really be entertaining that train of thought.

Visually, I really enjoyed this. It's modern enough to have great CGI and combines that with sweeping vistas and some nice practical effects to create a movie which feels like a realistic and upgraded version of the orignal <i>Alien</i>.

The story, on the other hand, is pretty dire. It's hard to believe that a company spending $1 <i>trillion</i> would hire a crew of such incompetent people and feel comfortable sending <i>them</i> off to be the first people to meet humanity's creators. Because of this, it's no fun watching all the terrible things that happen to them because...you can completely see it coming? It would be much cooler to watch an actual, <i>functioning</i> team of people do everything right and <i>still</i> just get absolutely wrecked by the monstrosities created by those Engineers.

There are also far too many questions left unanswered (some of which I'm not sure were done intentionally) with the only solace being that a <i>few</i> of them are answered a little bit more in the <i>Alien: Covenant</i> (or as I like to call it, <i>Alien: Convent</i> - how cool would it be to have a movie with a bunch of Xenomorphs running around dressed like nuns??)",,2021-07-31
2021-08-04,Deep Cover,1992,https://boxd.it/22FFWB,4,,"<i>""A man has two things in this world: his word and his balls - or is that three things?"" </i>",,2021-08-03
2021-08-05,Attack the Block,2011,https://boxd.it/22OhtD,3.5,,"It's good! Flows really well, with great characters and a perfect balance of humour and sci-fi horror throughout - the script is full of some <i>cracking</i> lines. 
There's definitely the social commentary aspect of it to touch on as well, which I think is carried out extremely effectively too!",,2021-08-04
2021-08-06,The Suicide Squad,2021,https://boxd.it/22VdeX,4,,I missed most of the movie because I was too distracted by how cute the pet rat was.,,2021-08-05
2021-08-08,Lost in Translation,2003,https://boxd.it/23eNx5,4,,"This movie really had to make me going and feel emotions, huh? Wamth, fuzziness, happiest, sadness, loneliness, hopefulness, all the things. I sat for a bit, just watching the credits roll, to give myself time to process it.

If nothing else, I really empathised with the feelings of being stuck in an unfamiliar place, all by yourself, without people around you as a network to spend time with and lean on when you need support. <i>Lost in Translation</i> expertly translates that lyrical loneliness into film and I'm equal parts glad and upset I was able to relive it again.

There's a beautiful romance that blossoms between Murray and Johansson's characters, two kindred spirits at very different stages of their lives who find each other in the noise and bright lights of a sleepless city in a foreign country. Their relationship flowers as they share their nights together, not necessarily in a romantic way at first but as a mutual kind of love for each other - two people experiencing the same emotions of loss, loneliness and, above all else, an uncertainty about their place and purpose in the world. This relationship is overshadowed and made all the more fragile by the knowledge that its destined to end, to fail, that within the week they will be forced apart from one another, pulled away from their brief period of respite and thrust back into the lives they so desperately want to escape.

The second half is definitely where this movie's strengths lie, for me, but I think that makes sense given the first half is used very effectively to set everything up. Murray and Johansson both perform amazingly in this, and the atmosphere and emotion throughout is really, really, very good.",,2021-08-07
2021-08-09,Calibre,2018,https://boxd.it/23qyMj,3.5,,That's a damn good yarn. Really solid movie all the way through.,,2021-08-08
2021-08-11,Jason Bourne,2016,https://boxd.it/23IVqh,2.5,,"I'm a huge fan of the original <i>Bourne</i> Trilogy, and I even enjoyed <i>Legacy </i>as well, but this one is far too bland and inconsequential to really be worthy of the <i>Bourne</i> moniker.

Far too much shaky cam, not enough downtime between the action sequences, and a laughably small amount of plot, all stretched to <i>two hours</i> of runtime 😵",,2021-08-10
2021-08-12,The Mummy,1999,https://boxd.it/23R99F,3.5,,"Imhotep really out here trying to exchange Rachel Weisz for some other woman. That's a bad trade, my guy.",,2021-08-11
2021-08-14,Harry Brown,2009,https://boxd.it/246QxZ,4,,"While it's hard to ignore the agenda that's definitely being pushed, this is a really good revenge movie. It's emotional, bittersweet, and elegantly crafted in the best of ways. Michael Caine is great in this, as well as all the other main and supporting characters on both sides of the story. 

As mentioned, though, it's hard to see past what essentially feels like a ""good vs. bad"" undertone stretching throughout the entire film. Clearly we're supposed to see the police as a force for good in the fight against London's estate-dwelling, violent, drug-riddled youth, but I think the dialogue around that is much more nuanced that is represented here. Definitely worth keeping this in mind when watching, because I caught myself more times than I expected actually rooting against the ""heroes"" of this story and siding with the ""villains"". If that's intentional then bravo, I think that's a good move.

Anyway, I was expecting a Kingsman movie, and I got something much better. I enjoyed this.",,2021-08-13
2021-08-15,Pig,2021,https://boxd.it/24giHB,4.5,,"Finally some fucking good food.

This is really an outstanding film, and I enjoyed every second of it.",,2021-08-14
2021-08-16,Free Guy,2021,https://boxd.it/24r7AV,3.5,,"I was fully expecting a low-effort, cheesy video game movie but I actually really enjoyed this!

Most, if not all of the jokes and gags landed perfectly for me and the attention detail in how players interact with video games worlds was super appreciated - I even noticed the classic ""player struggling with poor internet and lagging everywhere"" character in the background for a couple of scenes, which was hilarious!

Definitely petered out towards the end as it felt they were trying to shoehorn in a weak romance subplot but overall I had a blast.

Oh yeah also <i><b>Jodie Comer</b></i> 😍",,2021-08-15
2021-08-18,Beckett,2021,https://boxd.it/24JarN,3,,"Lots to like here!

I love how minimalist the soundtrack was, accompanying the movie with really the barest of drum beats and tense droning strings. Very effective. Also really liked how it was shot; felt raw and realistic, which was a breath of fresh air.",,2021-08-17
2021-08-23,Donnie Brasco,1997,https://boxd.it/25s9HZ,3.5,,<i>Fuhgettaboutit</i> 👌👌,,2021-08-22
2021-08-25,Reminiscence,2021,https://boxd.it/25Ix6b,2,,"I literally could not care less about this movie. 

Cursed exposition. 
Cursed voice-over.
Cursed dialogue.
Cursed story. 

Blessed concept. 
Blessed visuals. 
Blessed set design. 
Blessed Rebecca Ferguson.
Blessed Hugh Jackman. 

That's about it. Honestly feel like it would work better as an Outer Worlds/Bioshock RPG, or a Telltale game, I think.",,2021-08-24
2021-08-27,The Fountain,2006,https://boxd.it/25ZorN,3,,"Really wasn't sure how to rate this.

It's an ambitious storey which, I think, demands a lot from its viewers. Got a little convoluted at times but overall I enjoyed it! I quite liked the process of spotting the similarities on the three stories, and piecing together the information to ""decide"" what the symbolism was meant to be.

Glad it was a short movie, though, because it was a very long ""short movie"".",,2021-08-26
2021-08-28,Chungking Express,1994,https://boxd.it/266QgR,4,,"I watched this specifically because my friend Vic said he didn't like it and that it was a bad film. Sorry Vic, I really enjoyed it! 😁

My favourite part was easily the soundtrack accompanying both of the stories. It was the perfect combination of ""Neon City rainy saxophone"" and ""cheesy romantic pop songs"" and I just vibed super hard with it. 

Stupid grins and warm hearts all round.",,2021-08-27
2021-08-29,Donnie Darko,2001,https://boxd.it/26fDaT,3.5,,"Give me a minute while I Google this.

OK yeah this was a good movie.",,2021-08-28
2021-08-30,The Green Knight,2021,https://boxd.it/26roev,4,,"Yeahhhh this was right up my alley.

I think a lot of people have touched on how story-light this movie is, and I'm not going to disagree. The only thing I can say in rebuttal is, ""yes but <b>holy shit it's so <i>beautiful!</i></b>"".

Seriously, this is by far and away one of the most gorgeous, atmoshperhic movies I've ever seen. <i>The Green Knight</i> has it all: incredible cinematography, breathtaking scenery, lavish setpieces, a mysterious, captivating sountrack, and superb sound design to top it off. All the adjectives.

It's very A24 in all the best ways.",,2021-08-29
2021-08-31,Bringing Out the Dead,1999,https://boxd.it/26Afht,3.5,,"Some very powerful, moving stuff.

I didnt really enjoy it as much as I thought I would - felt like there was a lot of ""dead air"" at time, pardon the pun - but, then again, it's not the sort of movie that lends itself to being <i>enjoyed</i>, per se.

Nicholas Cage definitely gives one of his best, most nuanced performances I've seen, as this exhausted paramedic working a never ending, thankless job.

Definitely worth a watch.",,2021-08-30
2021-09-01,They Live,1988,https://boxd.it/26IWFf,2.5,,"omg what a draggggggg

<b>Edit:</b> sorry my phone was on 1% battery and I had to bash out something quickly.

- Roddy Piper sure does spend a lot of his time just Standing There and Observing Things.
- 90% of this movie is slow, uninteresting build-up.
- It's cheesy but, for me, not in the charming way.

I did like the concept though! I just wasn't expecting it to <i>actually</i> be a B-movie so I guess I was a little thrown.",,
2021-09-03,H2O: The Molecule that Made Us,2020,https://boxd.it/26YkXn,2.5,,"The BBC has definitely spoilt me for documentaries, because this felt quite bland and uninspired by comparison.

It was interesting enough, I suppose, but basing an entire documentary <i>series</i> off literally just ""water"" leaves it very susceptible to being stretched out and lacking in much substance.",,2021-09-02
2021-09-04,The Outpost,2019,https://boxd.it/276CaJ,3,,"Run of the mill US Military movie, but I did enjoy how it felt a bit more down-to-earth and even ""slice of life"" in some way. Helped me resonate with the characters better, I think!",,2021-09-03
2021-09-08,Inglourious Basterds,2009,https://boxd.it/27JkrF,4,,"Very glad I finally watched this! What a great movie!

Christopher Waltz easily steals the show for me.",,2021-09-07
2021-09-09,Burn After Reading,2008,https://boxd.it/27RHsd,3.5,,"<i>""What did we learn, Palmer?"" </i>

<i>""I don't know, sir."" </i>

<i>""I don't fuckin' know either. I guess we learned not to do it again."" </i>

<i>""Yes, sir.""</i>

<i>""I'm fucked if I know what we did.""</i>

What a great movie! So many wonderful actors, with eccentric, over the top performances that work perfectly in this setting and with this kind of story.

Brad Pitt is super good (no surprises) and you just know I was pumped for the surprise JK Simmons appearance 😍",,2021-09-08
2021-09-10,Sidewalls,2011,https://boxd.it/27YZ35,3.5,,"What a charming movie! Gives hope to all us lonely, ruggedly handsome web developers out there 😌",,2021-09-09
2021-09-11,Munich,2005,https://boxd.it/286MJN,4.5,,"Serves as a stark reminder that revenge simply breeds more violence, anger and hatred, and is rarely (never) a satisfying solution to wrongdoing.

Bana is incredible in this. I haven't really been aware of him as an actor before but he portrayed his character very well, and  amazingly displayed his arc from almost vehemently believing he was doing the right thing, to massively regretting his actions and essentially succumbing to the paranoia of being on the receiving end of them.

I realise I haven't actually seen that many Spielberg movies, and I'm very glad I'm beginning to rack that tally up a bit.",,2021-09-10
2021-09-12,The Wolf of Snow Hollow,2020,https://boxd.it/28fMCl,3,,"Hmm, what a strange little movie!

I decided to watch this before <i>Thunder Road</i> mainly because it was the one I had immediately on-hand so definitely an interesting introduction to Jim Cummings. Would be interested to see if he acts like this in his other ""big movie"" too.

Tonally, this was all over the place, and I can't tell how I feel about it. I don't think I <i>dislike</i> it but it definitely made it hard to get into. I was expecting a mysterious, suspenseful, thriller about a cop in a small town solving a mystery (à la <i>Fargo</i>, <i>Twin Peaks</i> or <i>Wind River</i>) and, uh, <i>The Wolf of Snow Hollow</i> was resoundingly Not That.

Didn't hate it though. Definitely something you just have to watch and decide for yourself about.",,2021-09-11
2021-09-14,Duel,1971,https://boxd.it/28yCRX,4,,This happened to me on my drive up to university.,,2021-09-13
2021-09-15,The Insider,1999,https://boxd.it/28GScn,4.5,,"I'm a stickler for dramas like this, so it's no surprise that I <i>really</i> enioyed this one.

Journalistic whistleblowing movies have been made so many times over and yet Mann manages to craft this one in such a delicate and realistic way, keeping it powerful and emphatic without feeling over-dramatised at any point.

The casting is superb and reminded me just how much I love watching Pacino in basically anything he's done; I really love him so much as an actor, even if he does kind of play the same character in lots of his movies 😝

Big praise for this, anyway. I was honestly contemplating giving it 5 stars because there's really so little I want to fault it for.",,2021-09-14
2021-09-17,Terribly Happy,2008,https://boxd.it/28VvMR,3,,"A Danish take on <i>Hot Fuzz</i>, in some ways! Very small scale film, which focuses really nicely on the interplay between characters in a tiny, remote village. Very interesting!",,2021-09-16
2021-09-18,Ocean's Twelve,2004,https://boxd.it/29324d,4,,"Honestly just pure vibes! This is the quintessential heist movie, with impeccable energy, a wonderful soundtrack, and a beautiful cast to boot.

It feels like the Soderbergh and the actors are just having so much fun with the movie, which really pays dividends for the viewer. The many locations are fabulous and grandiose (I now have a sudden urge to visit the French Riviera) and it's all so fun!!! 

I ate a <i>ton</i> of pistachios while watching this, not that it's relevant to either the review or the movie.",,2021-09-17
2021-09-20,The Social Network,2010,https://boxd.it/29l34T,5,Yes,This film is <i>Fight Club</i> for nerds.,,2021-09-19
2021-09-21,Shang-Chi and the Legend of the Ten Rings,2021,https://boxd.it/29u0hX,3.5,,"Far and away some of the best fight choreography I've seen in <i>any</i> Marvel movie, period!

I lost interest to some extent towards the end, when it started to slip back into the familiar Marvel patterns, but overall I enjoyed watching this!",everyman york,2021-09-20
2021-09-22,Shadow in the Cloud,2020,https://boxd.it/29AOzT,,,I've technically watched this movie 😌,,2021-09-20
2021-09-22,The Forever Purge,2021,https://boxd.it/29AYVv,2,,"Hmm yes, this is a movie.",,2021-09-21
2021-09-23,The Hunger Games,2012,https://boxd.it/29INHX,3,Yes,"Stanley Tucci nailing the assignment yet again as Caesar Flickerman.

Been a while since I last watched this (and even longer since I read the book) but I still quite enjoyed it! For a 2-and-a-something hour movie, it actually feels really well-paced, and I felt constantly interested and engaged right through to the end, so that's a massive win in my books.

",,2021-09-22
2021-09-27,The Matrix,1999,https://boxd.it/2agmhL,4,,A great film.,,2021-09-26
2021-09-28,The Hunger Games: Catching Fire,2013,https://boxd.it/2aozL1,3.5,,"Better tun the first movie, and I really enjoy all the emerging rebellion arcs and stuff.

It's definitely just a setup for the next two movies and I don't think it could stand on its own but, uh, not docking any marks for it.",,2021-09-27
2021-10-06,Sunshine,2007,https://boxd.it/2byjT3,4,,"It's basically Among Us.

No joke though I really fucking like this movie.",,2021-10-05
2021-10-09,No Time to Die,2021,https://boxd.it/2bWZkn,4,,Such a gorgeously shit film. Holy shit. What an amazing send off for Craig!,cineworld york,2021-10-08
2021-10-11,Starship Troopers,1997,https://boxd.it/2ciGlZ,4,,"The fact that this movie was so controversial when it was released attests greatly to how good of a satire it is.

Very fun!",,2021-10-10
2021-10-12,Bruce Almighty,2003,https://boxd.it/2cqN3p,3.5,,"Childhood favourite of mine, and I really enioyed watching it again :) 

Jim Carrey's style of comedy and energy while acting is really something else.",,2021-10-11
2021-10-16,Spider-Man: Homecoming,2017,https://boxd.it/2d3G5r,3.5,,"Eyyy it's shpider-man. 

I've only got one thing to say about this and that's Lets Go Mets, Baby. Love Da Mets.",,2021-10-15
2021-10-18,Harry Potter and the Chamber of Secrets,2002,https://boxd.it/2dps6z,4,,Kenneth Branagh is so well-cast as Gilderoy Lockhart oh my god,,2021-10-18
2021-10-23,"The French Dispatch of the Liberty, Kansas Evening Sun",2021,https://boxd.it/2e6YjB,4.5,,"Ughhhhh Wes Anderson I'll <i><b>never</b></i> get tired of your filmmaking. It's so charming, and unique, and I just felt so extremely warm and fuzzy watching this beautiful movie.

I'm walking home right now from the cinema so it's really hard to elaborate much more - maybe I will once I'm back home - but yeah it's definitely good and one of my favourite Wes Andersons far (although I still need to watch, like, <i>most</i> of them).",picturehouse york,2021-10-22
2021-10-25,Dune,2021,https://boxd.it/2euHO1,4.5,,"How on earth did this actually meet my insanely sky-high expectations????? Denis I will forever be in your debt.

Honestly just incredible in every way I can think of:
- First of, it seems like a really faithful adaptation to me. I've read the first book and can't think of a single thing I would do differently in this <i>Part 1</i> movie. Dune is famously heralded as ""un-adaptable"" but I really think Villeneuve has achieved it. 
- The film is visually <b>stunning</b>. You know how everyone keeps saying, ""find the biggest screen you can, and watch <i>Dune</i> on it""? Well they're 100% right. You just need to. It's amazing! It's massive, bold, colourful, awesome, and jaw-dropping in many, many ways.
- Hans Zimmer's score is potentially my favourite part. He's created such a rich sound filled with motifs that permeate every part of the movie, and it sounds so authentic and native to Arrakis, which I think is incredible. The sound design is also mindblowing, and I'm actually incredibly tempted to buy a ticket just so I can experience the Sardaukar planet scene again.",cineworld york,2021-10-25
2021-10-26,Squid Game,2021,https://boxd.it/2eEYFF,3.5,,There were a distinct lack of squids in this :(,netflix,2021-10-25
2021-10-28,Mad Max: Fury Road,2015,https://boxd.it/2eXKeD,4,Yes,This is how Australian grandparents say they used to travel to school.,plex,2021-10-28
2021-10-30,Last Night in Soho,2021,https://boxd.it/2fkl0n,3,,"Wasn't what I was expecting, to be honest. The first two-thirds felt extremely angry and spiteful, which left a bad taste in my mouth, and the pacing was strange, rushing through lots of scenes and not really dedicating enough time to any one in particular.

Thomasin Mackenzie was really good, though, and I'm glad to see her in another big role!",picturehouse york,2021-10-30
2021-10-31,Hairspray,2007,https://boxd.it/2fosKF,4,,John Travolta :),,2021-10-30
2021-11-02,Hot Fuzz,2007,https://boxd.it/2fPlKH,4,Yes,"<i>""It's alright Andy, it's just bolognese!""</i>

Honestly amazing how crazily quotable this movie is. I must be on my third rewatch by now at least and I still have such a blast mouthing along with the dialogue and reciting all the little quips scattered here and there throughout.

The amount of care and attention that's been put into every scene and piece of dialogue to foreshadow the later parts of the story and link all the little bits together is astonishing, and it's incredibly satisfying to pick up on more and more things with every watch.

Definitely my favourite in the Cornetto Trilogy without a doubt.",,2021-11-01
2021-11-03,Shaun of the Dead,2004,https://boxd.it/2fZXjJ,4,Yes,"Not as good as <i>Hot Fuzz</i>, but it was released first so credit where credit's due.

Still full of lots of great nudges and hints at what's to come, and the first half of the film is always something I'll enjoy.",,2021-11-02
2021-11-08,Malignant,2021,https://boxd.it/2gKmhZ,3,,"What's up with the tone in this movie?

Is it trying to take itself seriously as a horror movie? Maybe, but then it goes and dispels all the tension it built up with weird cuts, strange choices of music, and questionable bits of dialogue.

Does it want to come across as a cheesy, goofy, slasher-esque flick? It could do? Why does it feel like it never fully commits to the part, then? 

Is that the point, that it's a mish-mash of both and kind of <i>supposed</i> to be all over the place and I'm just bad for not being able to appreciate it? Perhaps. That doesn't change the fact that I found it incredibly hard to get into, though. 

The third act was cool though, I'll give it that.",,2021-11-07
2021-11-09,Rushmore,1998,https://boxd.it/2gTNT5,3.5,,"Max Fischer doesn't deserve his redemption arc.

He did save Latin, though...",,2021-11-08
2021-11-10,Whiplash,2014,https://boxd.it/2h22TF,5,Yes,I'd give this 6 stars if I could.,,2021-11-09
2021-11-20,C'mon C'mon,2021,https://boxd.it/2iABUF,4.5,,This felt like a very important movie to me. I definitely cried.,picturehouse york,2021-11-19
2021-11-24,School of Rock,2003,https://boxd.it/2j9s4v,4,,"What a nostalgia trip, man. I watched this film so much as a kid and it still completely holds up!",,2021-11-23
2021-12-09,The Guilty,2018,https://boxd.it/2loZHD,4,,"I don't really watch movies while I'm at uni and I honestly felt a little ""out of practice"" just sitting myself down and <i>properly</i> watching something again.

Within about 15 minutes I was already hooked and reminded of all the reasons I love movies: watching a carefully-crafted story unfold, looking out for and picking up on all the tiny, little details put in by the director to add depth to the screen and, in the case of <i>The Guilty</i>, experiencing the edge-of-your-seat tension from I right through from start to finish.

This was a really great movie to start my Christmas holidays with. I enjoyed its relatively small-scale environment - I'm a sucker for ""it all takes place in one room"" movies - I loved the atmosphere built up through the dialogue and sound design, and it had an incredibly satisfying third act which I just think was really, really good.",plex,2021-12-08
2021-12-09,Black Mirror: Hated in the Nation,2016,https://boxd.it/2lsebX,3.5,,"Mmm, this one hits a little too close to reality 😅😅",,2021-12-08
2021-12-11,"tick, tick... BOOM!",2021,https://boxd.it/2lHIkv,3.5,,"I'm not qualified to rate musicals because every song makes me well up with emotion and want to slap it with an instant five-star rating.

I've never seen any of Lin Manuel Miranda's work before - no, not even Hamilton! - but I definitely want to check out more of it now. 

Sadly I don't think I'll be finding any of the songs catchy enough to be singing them around the house, but they were good and I enjoyed listening to them. Garfield (not the cat) is absolutely incredible and he really does deserve the spotlight for his performance.",netflix,2021-12-10
2021-12-12,Army of Thieves,2021,https://boxd.it/2lRgLD,2.5,Yes,"Literally why are all the safe-cracking scenes so horny???

We all know this German twink would <i>definitely</i> fuck one if he could.",netflix,2021-12-11
2021-12-15,Force Majeure,2014,https://boxd.it/2mlYNX,3.5,,"<b><i>AITA for deserting my family as we were about to be hit by an avalanche?
</i></b>
<b>YTA:</b> Leaving your wife and kids like that was an act of cowardice and you're an asshole for denying you did despite there being video evidence of it. 

<b>NTA:</b> You were just acting on a basic survival instinct and your wife is the asshole for forcing you into arguments about it around other people. 

<b>ESH: </b>You're a little bitch for not protecting your family and your wife's a little bitch for blowing such a tiny event massively out of proportion.",,2021-12-14
2021-12-17,Dark Phoenix,2019,https://boxd.it/2mFnrv,2,,"I can definitely see why this is the least popular X-Men movie...

It's incredible how flat everything was, and how obvious it was that literally none of the cast could care less about being a part of it.",,2021-12-16
2021-12-21,Gremlins,1984,https://boxd.it/2nsDq7,3.5,,"The scene in <i>Dorry's Tavern</i> is pure cinema gold, and I'm just astounded at the sheer chaos and variety in each shot.
The amount of effort it must've taken to coordinate the gremlins who, as I've been led to understand, were really difficult actors to work with on set really deserves praise in and of itself. 

I really enjoyed this, and it was a great way to feel some nostalgia and Christmas spirit both at the same time.",,2021-12-21
2021-12-22,Wrath of Man,2021,https://boxd.it/2nD3DB,3,,"Guy Ritchie makes films for Real Men who like shouting and swearing and fucking and killing, and they need to be all about men and guns and money and guns, and women aren't allowed to be in it unless they're fridged or fucked or killed—unless it's a masculine woman, then it's okay for her to have one line about a man's dick size—and the dialogue has to solely consist of grunts and swearing and quips and hollow one-liners that don't actually mean anything. They all need to be exactly two hours long and consist of three very well-defined acts culminating in the Good Guy—who isn't really good because he's still a gangster but he's better than the other gangsters because they kill more people and are rude—exacting a good amount of premeditated revenge on the Bad Guy and we have to feel triumphant about that fact, as the movie ends with a slow fade on our Good Guy and the credits roll to some funky, hip-hop music.

And yet, despite saying all this and being aware of all this, I still enjoyed watching <i>Wrath of Man</i>. Nowhere near as much as <i>The Gentlemen</i> or <i>Snatch</i>, which both oozed that quintessential Guy Ritchie flair and style, but I still thought it was fine. The change of pace to a much more serious, straightforward approach was engaging, and I was genuinely intrigued by the plot as bits of it were slowly revealed as the film progressed.",prime,2021-12-21
2021-12-25,Scrooged,1988,https://boxd.it/2ofLIB,3,,My ears hurt from all the shouting 😞,,2021-12-24
2021-12-26,The Holiday,2006,https://boxd.it/2orHth,3,,Jack Black shouldn't be allowed to act sensibly.,,2021-12-25
2021-12-28,Dune,2021,https://boxd.it/2p3tmR,4.5,Yes,"Watching this again really just reminded me how much I <i>love</i> this movie, and the fact that I found the same scenes equally as jaw-dropping and awe-inspiring as the first time I saw it is testament to the quality of the world Villeneuve has managed to create in his visualisation of <i>Dune</i>.

It's pure, clean science fiction—my favourite sort—with the added bonuses of great political drama and events transpiring on a galactic scale. The praise here is probably better attributed to Herbert's original novel but I think Villeneuve did an incredible job of translating it to film, at least compared to Lynch's attempt—although that's not a very high bar—and definitely having read the first book and knowing how everything plays out.

It's hard to deny that this is really just a setup film for <i>Dune: Part 2</i>, but I would wholly disagree with anybody who uses that argument as a reason for docking stars because I think this two and a half hour exhibition-fest was (a) extremely well-paced and meticulously crafted, and (b) entirely necessary for the next movie to carry any sort of weight whatsoever.

Definitely getting another 9/10 from me, and I'm really looking forward to the next one!",,2021-12-27
2022-01-02,Finch,2021,https://boxd.it/2qng6F,3.5,,"Dragged on a little bit by the end, but was a really cute robo-buddy-roadtrip movie, I think.

Could've had a bit more peril, actually. Especially at the start, because the stakes were really just super low.",,2022-01-01
2022-01-03,Black Mirror: White Christmas,2014,https://boxd.it/2qK1U7,4,,"This is the best one because Jon Hamm's in it.

Jokes aside it's an incredibly clever episode that keeps you watching every tiny detail,  with a lovely amount of ""a-ha!"" moments throughout to make you feel like a clever little audience member.

Definitely one of the best season of Black Mirror, back when it was still a refreshing, dystopian anthology series instead of the more recent, low-effort, ""ooh look, technology is bad and scary"" affair.",,2022-01-02
2022-01-05,Spider-Man: No Way Home,2021,https://boxd.it/2ri6i1,4,,"Yeah, it was pretty good.

I don't think I enjoyed it much more than any other Marvel movies I've seen but it was good and I think I'll quite enjoy all the upcoming multiverse stuff. 

If nothing else, this film really reminded me that Tobey Maguire is definitely my favourite Spiderman. Willem Dafoe is crazy good, too!

Also I think it's quite funny that Tom Holland Spiderman's best villain yet is actually from the Raimi-verse.",,2022-01-04
2022-01-08,Legally Blonde,2001,https://boxd.it/2s31lj,3.5,,I was a bit distracted while watching this but I have it on good authority it was a good movie.,,2022-01-08
2022-01-08,Midsommar,2019,https://boxd.it/2s33kd,4.5,,"Really, incredibly well put together. Every shot feels meticulous and thoroughly planned out, and I love all the long pans and static shots which add an amazing uneasiness to the whole affair.",,2022-01-08
2022-01-09,Shrek 2,2004,https://boxd.it/2skhed,5,,"This has <i>no</i> right to go as hard as it does. Honestly such a great sequel and it hams up all the best parts of the first movie.

I love all the Hollywood references and the newscast segment was just amazing.",,2022-01-09
2022-01-16,Eternals,2021,https://boxd.it/2u6xiF,3,,"Pretty meh ngl. I didn't really care for any of the characters and was kind looking forward to the whole ""Celestial Birth"" event",,2022-01-14
2022-01-29,The House,2022,https://boxd.it/2wT1Fj,3.5,,"Very odd, but extremely captivating.

I was really taken aback by how good the animation, and there were genuinely times when I forgot I was watching a stop-motion film.",,2022-01-28
2022-01-30,Spirited Away,2001,https://boxd.it/2x5eux,4,Yes,Actually kinda mid on my third rewatch. Maybe I need to see some of the other Ghibli films lol,,2022-01-29
2022-02-05,Circle,2015,https://boxd.it/2ybTcv,2.5,,I had so much fun trying to guess who was gonna be killed next,,2022-02-04
2022-02-06,The Invisible Man,2020,https://boxd.it/2yppp3,4.5,Yes,My favourite part was my housemates going full CSI: Miami every time there was a murder,,2022-02-05
2022-02-09,Mamma Mia!,2008,https://boxd.it/2z48ep,3.5,,Fun!,,2022-02-07
2022-02-11,The Woman in the House Across the Street from the Girl in the Window,2022,https://boxd.it/2zj95t,3,,"Bro they've gotta be playing the long con with this show and going for a second because there are <b><i>so</i></b> many unanswered questions and I can't tell if they're intentional or just stupid mistakes.

This is such a dumb fucking show and I thought it was being clever and I thought <b><i>I</i></b> was being clever but oh no you just get smacked out of the left field with some random twist and it feels so unsatisfying.

And yet I still had some fun binging this...",,2022-02-10
2022-02-15,Tangled,2010,https://boxd.it/2A3MPx,4,,How the fuck am I supposed to concentrate on <i>anything</i> in this with Rapunzel leaving her toesies dangling out for the entire movie???,,2022-02-14
2022-02-15,Tangled Ever After,2012,https://boxd.it/2A3VON,3.5,,<i>The Yassification of Maximus (2012)</i>,,2022-02-14
2022-02-16,Fantastic Mr. Fox,2009,https://boxd.it/2Af2VN,5,,"It's witty. 
Its clever. 
It's charming.
It's sweet. 
It's romantic. 

It's <i>perfect</i> 😊",,2022-02-15
2022-02-24,Kimi,2022,https://boxd.it/2BKxml,3,,"Not sure it <i>quite</i> lived up to my expectations but I had a good time!

Kimi is essentially a pretty competent ""Covid Zoom movie"" cum action thriller which somehow manages to mention Covid in a way that feels completely natural and doesn't make the movie <i>about</i> Covid.

I didn't find the story particularly interesting, to be honest, and the soundtrack felt very slapped on at the last minute; there were multiple points in the movie where the soundtrack just <i>did not</i> mesh with what was happening on screen - and also one part where I really think it should've been complete silence instead.

Kravitz was really good, and I'm very jealous of her apartment. Wonder what the rent must be for a place like that.",,2022-02-23
2022-02-24,Flee,2021,https://boxd.it/2BLEEt,,,"It's very hard to know how to rate something like this. ""Five stars,"" is my first instinct but I think it would be a disservice to reduce such an upsetting, emotional, inspiring piece of art to just a single number - at least not without talking more about why it deserves such praise.

I think a large reason I liked this so much was simply the huge disconnect and unfamiliarity with basically <i>all</i> of the subject matter and themes covered in the film. It sounds counterintuitive, I know, but somehow it helped me relate to - and understand - Amin so much more, fully removing myself from my shoes, and completely stepping into his.

I feel like I have a lot more I want to say about this film but I'm very much struggling to put it into words.",,2022-02-23
2022-03-05,The Batman,2022,https://boxd.it/2DmABD,4,,"It was really good. Pattinson is a great Batman and the movie as a whole was so incredibly, perfectly stylised that it was a great refresh of an already great superhero.

I thought the Riddler was a little bit underwhelming, unfortunately.",picturehouse york,2022-03-05
2022-03-13,Ratatouille,2007,https://boxd.it/2EMz3V,5,,Anton Ego might just be the coldest mf to ever walk the streets of Paris,,2022-03-12
2022-03-15,Heathers,1989,https://boxd.it/2FhMLj,3,,It's giving very,,2022-03-15
2022-03-19,Rubber,2010,https://boxd.it/2FUZT9,3,,I love meta-film,,2022-03-18
2022-03-28,Moonrise Kingdom,2012,https://boxd.it/2HFiGf,4,,"I really enjoyed this! It felt a lot more intense than Wes Anderson's other movies but still managed to retain that ""Anderson-ness"" that we all know and love.

There's a lot to unpack in this movie but I can't be bothered and I wouldn't be able to do it properly anyway, so there you go.",,2022-03-27
2022-03-29,The Darjeeling Limited,2007,https://boxd.it/2HQLXh,3.5,,"The colours. Oh my gosh, the <b><i>colours!</i></b>

To be honest, I didn't care all that much for this film's story or message but that didn't stop it from being visually gorgeous; every scene was so vibrant, and every environment so alive!",,2022-03-28
2022-03-30,The Last Duel,2021,https://boxd.it/2I0qtP,4,,"Boy oh boy, this <i>really</i> grew on me as I kept watching. The retelling of events from each perspective was handled very well, with each one adding an extra layer to the - already uncertain - truth, constantly challenging the viewer to pick a side and person to believe.

The duel at the end was simply incredible; I haven't seen a fight on-screen like that in while, and the intensity bled right through the screen (no pun intended) to fill the room I was in.

I do feel the ending could've been a little better wrapped up, since the ""truth"" is left rather ambiguous, but, perhaps that's the point? I doubt any single retelling covers all the facts with perfect accuracy 👀",,2022-03-29
2022-04-05,Layer Cake,2004,https://boxd.it/2J4nEx,2.5,,"Bro it's just <i>dull</i>.

Spending the first 15 minutes info-dumping and listing a bunch of characters' names only works if you're Guy Ritchie, or <i>The Big Short</i> directed by Adam McKay; this film is neither of those.

I actually gave up watching it because I just didn't care for what was happening and I wanted to spend my evening doing other, more exciting, things instead.

At least it looked stylish.",,2022-04-04
2022-04-10,Jerry Maguire,1996,https://boxd.it/2JUjvb,3.5,,"I really enjoyed this! While technically a rom-com (I think), I didn't find it too soppy or cheesy, and the humour was a perfect balance between blink-and-you-miss-it background gags and wonderfully dry, clever quips that catch you off-guard and land really well; Laurel's entire character feels constructed around this and she's <i>great</i>.

Tom Cruise was as Cruisey as ever, which I personally don't mind. I enjoyed his acting and the role suited him well. His relationship with Rod had such a satisfying journey, and made for a perfect conclusion to the story.

I wish it was a little shorter, though. Two and a bit hours was stretching it a bit, and you could definitely feel the length (uwu)",,2022-04-09
2022-04-11,Rain Man,1988,https://boxd.it/2K7gd5,4,,"It's not often that I feel that burning, visceral <i>hatred</i> for a character in a movie, but Tom Cruise managed to evoke it within me. And that's great; I think it's a sign of some really good acting. 

Dustin Hoffman also deserved way more than an Oscar nomination for his role. I can't speak for how accurate his portrayal of someone with autism was but it definitely felt authentic and tastefully handled.

The soundtrack absolutely <i>slaps</i>, too.",,2022-04-10
2022-04-13,The Firm,1993,https://boxd.it/2KoDsh,3.5,,"Thus concludes the Cruise Cruise - three Tom Cruise movies in three days.

My takeaways from this epic excursion? Tom Cruise was in some great movies when he was younger, and he's a great actor! I feel bad that he's been typecast into such an action hero role nowadays because he has so much more potential range outside of, essentially, Mission Impossible.

This move itself was probably my least favourite of the trio I watched. I definitely felt the 2h34 runtime and think maybe half an hour could've been shaved off without anything too important being missed.

<i>The Firm</i> lacked intensity for me, I think. Nothing felt that high-stakes or tense, despite it being seemingly written that way. Actions had consequences, sure, but I didn't really care? And the events leading to the third act were just a bit dull.

But yeah, Tom Cruise was good. Maybe he should've taken one of those job offers on Wall Street instead after all.",,2022-04-11
2022-04-13,The Conjuring,2013,https://boxd.it/2KtmZ9,3.5,,"I had a lot of fun watching this. Its a fun horror movie. It's a little silly, a little goofy.",,2022-04-12
2022-04-14,Marie Antoinette,2006,https://boxd.it/2KCKZZ,3,,My takeaway from this is that I think Kirsten Dunst is very attractive,,2022-04-13
2022-04-15,Real Steel,2011,https://boxd.it/2KLYhP,3.5,Yes,"Nah because why did I start crying at the end of that final fight? This wasn't supposed to be heartfelt and emotional, I just wanted to watch robots beat each other up.

This movie definitely punches above its weight, no pun intended.",,2022-04-14
2022-04-16,A Cure for Wellness,2016,https://boxd.it/2KYMjv,3,,"My oh my, what a goofy ahh movie.

The first act was really good, I'll say that. I <i>loved</i> the mystery shrouding everything, and I loved trying to figure out what was going on (because it was clear <b><i>something</i></b> dodgy was haopening) but after that, the movie was just a mess for me.

First and foremost, it's way too long. Could've easily been 2h and just as good, maybe even shorter. The feeds into my other main problem which is mainly just that Things are revealed far too disparately and at such a slow pace. The number of scenes where Lockhart learns a new Thing by walking into a secret room and slowly pacing around it...i don't have enough fingers.

And the ending. Oh, the ending. So out of pocket hahaha. Everything wraps up in like half an hour of the goofiest writing I've seen in a while, and it's super unsatisfying (but no less hilarious and amusing). 

I will say, though, there's one scene in the final third of the movie which made me feel really, like <i>incredibly</i>, ill. Points for that, I suppose. 

This movie is like Midsommar's older, but much less attractive, cousin.",,2022-04-15
2022-04-17,The Witch,2015,https://boxd.it/2LaiR7,4,,"All the terrible things which befell Anya Taylor-Joy in this movie are because of those little shit twins, Mercy and Jonas, and I will never forgive them for that.

I cannot express the seething hatred I that fills my should whenever their unholy selves appear on the screen, the anger and violence I wish to enact when those two godforsaken devils are granted any semblance of attention or favour in this movie.

Damn them both to hell. The mother, too. 

(happy birthday Anya, by the way. Hope you got my card!)",,2022-04-16
2022-04-18,The Grand Budapest Hotel,2014,https://boxd.it/2LonTl,4,,Impeccable set design and soundtrack and colours and actors and acting and storytelling and yes I love love love it.,,2022-04-17
2022-04-21,Don't Look Up,2021,https://boxd.it/2LX8cV,3.5,,"Adam McKay was really like, ""I paid good money for this stock footage and I'm damn well gonna use <b><i>all</i></b> of it""",,2022-04-20
2022-04-25,10 Cloverfield Lane,2016,https://boxd.it/2MGJ9J,3.5,,"The last 20 minutes really is such a weird tonal shift that doesn't fit with the rest of the film. Guess they had to add it in to be allowed to call it a ""Cloverfield"" movie, huh? 🤨

Anyway, John Goodman is just as excellent in this as I remembered, and MEW does a great job of standing around looking scared. I think she deserved to have a lot more lines, to be honest.",,2022-04-24
2022-05-01,Interview with the Vampire,1994,https://boxd.it/2NECsJ,3.5,,"Vampires are inherently <i>very</i> flamboyant, and this movie captures the vibe perfectly. Tom Cruise carries hard.",,2022-04-30
2022-05-01,Pokémon Detective Pikachu,2019,https://boxd.it/2NGnXr,3,,Three stars is maybe a little generous hut I had a good time!,,2022-05-01
2022-05-02,The Northman,2022,https://boxd.it/2NPDeZ,4,,"Mesmerised by Alexander Skarsgårds mooscles.

Gym motivation right there lads",picturehouse york,2022-05-01
2022-05-05,The Worst Person in the World,2021,https://boxd.it/2Os8F9,4,,"Yeah, I liked this! Felt like an extremely ""real"" movie, and was very personal and heartfelt. 

If nothing else, I really just want to move to Oslo now. Look how gorgeous all the apartments were!",,2022-05-05
2022-05-06,Moon Knight,2022,https://boxd.it/2OwRKB,3,,Oscar Isaac goofy ahh Bri'ish accent,,2022-05-05
2022-05-08,Guardians of the Galaxy,2014,https://boxd.it/2P2iiV,3.5,Yes,"Watched this with a group of people that didn't know who Lee Pace was, and it was the single most horrifying experience of my life.",,2022-05-07
2022-05-11,Doctor Strange in the Multiverse of Madness,2022,https://boxd.it/2Pvj2n,4,,"I <i>thoroughly</i> enjoyed how much of a Marvel tastebreaker this was.

Unsurprisingly, the story takes a bit of a back seat but Raimi more than makes up for it with his direction. You can tell how much fun he had playing around with the multiverse idea, and this movie was full of some really creative ideas and set pieces.

Easily better than <i>No Way Home</i> in every way and I shouldn't even have to argue my point.",picturehouse york,2022-05-10
2022-05-17,Everything Everywhere All at Once,2022,https://boxd.it/2QCATL,5,,"Bring tissues.

In awe at how many creative ideas were crammed into this movie. Incredible stuff. Loved the multiverse approach they went with and just had a really, really good time!",picturehouse york,2022-05-17
2022-05-31,Top Gun: Maverick,2022,https://boxd.it/2Ta02H,4.5,,"<i>""Alexa, play scramjet engine sounds (10 hours)""</i>

No single movie should be allowed to be this <b><i>cool</i></b>.",vue york,2022-05-31
2022-06-20,Spiderhead,2022,https://boxd.it/2WDUpn,2,,Introduced a very intriguing premise at the start but basically did nothing interesting with it and fell flat by the end.,netflix,2022-06-19
2022-06-22,RoboCop,1987,https://boxd.it/2X28hl,2.5,,Honestly I prefer the 2014 remake.,,2022-06-21
2022-06-23,Obi-Wan Kenobi,2022,https://boxd.it/2XbqUX,3,,"I'm so over the Disney Star Wars TV shows. They're all so flat and uninspiring, and nothing of any real substance seems to happen until maybe the last 2-3 episodes. It's such a shame to see the characters we love being wasted on such boring writing. I think I'm just going to save myself the time and not watch any more of these.

<i>*he says this, fully prepared to see <b>Andor</b> as soon as it comes out*</i>",,2022-06-22
2022-06-23,eXistenZ,1999,https://boxd.it/2XdxVn,3.5,,Loved how dark and wet and grimy and squelchy this was.,,2022-06-22
2022-06-24,The Unbearable Weight of Massive Talent,2022,https://boxd.it/2XosqB,2.5,,"Too much generic action movie and not enough quirky Nicholas Cage for my liking. I really don't feel like they used him as best as they could. 

The biggest takeaway from this is that I need to rewatch <i>Paddington 2</i>.",,2022-06-23
2022-06-29,Two Weeks Notice,2002,https://boxd.it/2YlVqj,2.5,,"Everything you'd expect from a Hugh Grant romcom. I still have no idea how the bumbling, incompetent man appearance keeps working for his dating life.

Oh and also my soul practically left my body when DONALD TRUMP rocked up on-screen.",,2022-06-28
2022-06-30,Paddington,2014,https://boxd.it/2YwaDH,,Yes,The only thing more wholesome than this movie is the way my Dad finds every joke absolutely hilarious and absolutely adores this movie.,,2022-06-29
2022-07-15,Obi-Wan Kenobi,2022,https://boxd.it/31pYpX,3.5,,"A great improvement upon the original series.

Feels like a ton of stuff was cut out from the beginning few episodes which really sped up the story and removed a lot of the chaff you'd otherwise have to watch. 

I loved the increased focus on the relationship between Obi Wan and Vader so much more.",,2022-07-14
2022-07-16,Inside Man,2006,https://boxd.it/31Btmx,4,Yes,Yep. It's still great!,,2022-07-15
2022-07-17,Chronicle,2012,https://boxd.it/31OGQB,3,,"Watched this with my Dad instead of the new <i>Bob's Burgers</i> movie. Not quite sure how we progressed from one to the other...

We also both realised we'd seen it before. Probably together. Wonder what we decided not to watch in favour of this last time.

Anyway, I really enjoyed <i>Chronicle</i>. I love found-footage movies and thought it was pulled off extremely well in this. The CGI definitely looks a little dated, and it's possibly the only thing that draws me out of the immersion a little bit but it's not like you can do much about that the budget (which I think was quite low?)

Casting was great. Dame DeHaan is absolutely, <i>perfectly</i> placed in his role and I really enjoyed seeing Michael B. Jordan too.",,2022-07-16
2022-07-18,The Black Phone,2021,https://boxd.it/322dln,3,,"A pretty novel, very solid thriller!

Ethan Hawke was, unsurprisingly, one of the best parts, even though he wasn't really given much from to properly act. 

I feel like you should watch Prisoners instead. It's <i>so</i> much better.",,2022-07-17
2022-07-19,The Bob's Burgers Movie,2022,https://boxd.it/32bmuV,3,,"Wasn't as good as I'd hoped it would be! Felt very flat and the story wad uninspiring.

<i><b>Also</b></i>, I forgot how much the show enjoys musical numbers and thought they all seemed very out of place.",,2022-07-18
2022-07-20,The Rainmaker,1997,https://boxd.it/32npiR,3.5,,I love Matt Damon 😊 He's a consistently great actor and don't think I can actually think a film of his that I haven't enjoyed.,,2022-07-19
2022-07-20,The Fly,1986,https://boxd.it/32rfgJ,4,,"I think I like body horror. A lot.

Very tense, and genuinely unsettling at times. The practical effects are incredible; a remake today would 100% use CGI and it'd look so much worse for it.",,2022-07-19
2022-07-21,Deathtrap,1982,https://boxd.it/32I2TR,3.5,,"I was skeptical at first, but slowly warmed up to this film and ended up having a great time!",,2022-07-21
2022-07-25,Happy Gilmore,1996,https://boxd.it/33tszR,2,,"So glad I finally saw this movie, because it means I never need to set my eyes on it ever again! 😀😀😀

This is definitely one of the Bad Adam Sandler Movies and I'll hate him now until I can balance it out with a Good Adam Sandler Movie - maybe it's time to rewatch <i>The Meyerowitz Stories</i>.

Dull script, cheap gags, uninspiring story. Can't believe I went into it expecting it to be <i>good</i>. I've been made a fool of.",,2022-07-24
2022-07-30,Ma,2019,https://boxd.it/34N2qN,2.5,,I think Ma and I would have a good time.,,2022-07-29
2022-08-01,The Night House,2020,https://boxd.it/35eH4n,3.5,,"I definitely liked this! Was refreshing to watch something so <i>continuously</i> unsettling, instead of relying on a handful of ""scary moments"".

I felt like the 2nd act was a little too unclear for my liking, almost as if the movie itself was unsure where it wanted to go, but overall I thought it was very competent. 

There were some cool visuals (or lack thereof) that I thought were <i>really</i> clever, especially in their first few uses.",,2022-07-31
2022-08-02,Misery,1990,https://boxd.it/35sU0L,3.5,,Kinda wish I hadn't read the book beforehand because I think this'd hit a lot harder.,,2022-08-01
2022-08-04,Bullet Train,2022,https://boxd.it/35PsFn,3,,"<i><b>Cameo: The Movie</b></i>

Not sure I loved this movie. The dialogue was very weird at times, almost as if the actors were just told to stand there and ad lib with each other. I also thought the sea of CGI was incredibly visible, and it pulled me out of the movie more times than I would've liked.

The third act also drags a lot, and continues to introduce more characters and plot points which really probably should've been wrapping up instead. 

I <i>did,</i> however, enjoy the movie's levity and the quick camerawork and fight choreography was really enjoyable to watch!",,2022-08-03
2022-08-05,Predator,1987,https://boxd.it/364xxt,3.5,,"We really need to bring back more practical effects into movies. The Predator suit looks so fucking cool and the fact that someone actually got to wear it and be all Predator-y must've been so much fun.

Pretty enjoyable movie to watch, even if it was a little slow for me at times - maybe that's my TikTok-addled, ruined attention span brain talking, though.

Also I'm really sorry but Arnie still has yet to win me over with his acting.",,2022-08-04
2022-08-06,Prey,2022,https://boxd.it/36fZHt,4,,"I find it so wild that this is <i>actually</i> a Predator movie. The disparity in technology between the Nomanche and the Predator is so large that it feels like the quality and believability of the movie should be seriously affected - in other words, ""base Predator solos Native Americans, no diff"" - but it actually works incredibly well.

Great levels of violence, beautiful scenery and set pieces, and the Predator is as cool as ever.",,2022-08-05
2022-08-07,Shutter Island,2010,https://boxd.it/36ursf,4.5,,"This movie made me <b>squirm</b>. There were moments I was almost shouting at my TV in despair and frustration and anger.

Also, I found it very funny every time Max Richter's <i>On The Nature of Daylight</i> started playing because all I could think to myself was, ""no, silly. That song's supposed to be in <i>Arrival</i>, not here.""",,2022-08-06
2022-08-09,Boiling Point,2021,https://boxd.it/36XSz1,4,,"Standing ovation for Vinette Robinson in this role, 100%",,2022-08-08
2022-08-12,Barton Fink,1991,https://boxd.it/37Afrb,4,,"If I were Barton I simply would've paid for a more expensive hotel to avoid all this mess.

Struggling to wrap my head around this movie. There's definitely another level of symbolism that went over my head a bit, but I'm certain I enjoyed the surface-level movie and would be intrigued to watch it again after having seen a 30-minute video essay explaining it all.",,2022-08-11
2022-08-16,Fracture,2007,https://boxd.it/38rdol,4,,"Genuinely thought this was really good, and I was quite surprised to see it score as ""low"" as it does here on Letterboxd!",,2022-08-15
2022-08-17,An American Werewolf in London,1981,https://boxd.it/38JbCB,3.5,,Goofy ahh werewolf comedy horror. Need I say more?,,2022-08-17
2022-08-19,The Devil's Advocate,1997,https://boxd.it/390YtR,4,,Keanu Reeves is just like me fr,,2022-08-18
2022-08-21,Sleepers,1996,https://boxd.it/39uZrx,4,,Robert de Niro is the OG hot priest,,2022-08-20
2022-08-24,Michael Clayton,2007,https://boxd.it/3a0Bxl,3,,"Once you notice that George Clooney doesn't act with his eyes, you can never go back.

This is an unremarkable movie in just about every single way.",,2022-08-23
2022-08-29,Hustle,2022,https://boxd.it/3aWKO7,3.5,,(Good) Adam Sandler is one of my favourite actors.,,2022-08-28
2022-08-30,Elvis,2022,https://boxd.it/3bafDF,3,,"Thoroughly, thoroughly disliked most of this movie. Especially the editing, and <i>especially</i> the editing in the first half. 

Almost all of the film felt like that fast-paced, flashy, narrated exposition that's supposed to take up the first twenty minutes before settling down into calmer, more dialogue-focused scenes with longer shots and more thoughtful acting.

But I know Baz wasn't aiming for that.",,2022-08-29
2022-08-31,Top Gun: Maverick,2022,https://boxd.it/3bkk4l,4.5,Yes,"Watched it with a big, dumb grin plastered across my face and I couldn't have enjoyed myself more.",,2022-08-30
2022-09-02,Dead Poets Society,1989,https://boxd.it/3bEhTl,4,,"<i>O Captain! My Captain! </i>

Let that be a lesson to you, free-thinkers of the world.",,2022-09-01
2022-09-07,I Came By,2022,https://boxd.it/3cESCP,3,,"We really got like 1h30 of build-up and no real climax to speak of at the end, huh?",,2022-09-06
2022-09-09,Airplane!,1980,https://boxd.it/3cYHgD,4.5,,"Probably my favourite comedy, full stop. There's so much packed into it and it's beautifully deadpan throughout I just love it love it love it.

Extremely quotable, too!",,2022-09-08
2022-09-10,Archive,2020,https://boxd.it/3d8HId,3,,"This movie did very little for me except make me want a crazy robot gf.

Taking applications <a href=""https://youtu.be/dQw4w9WgXcQ"">here</a>.",,2022-09-09
2022-09-21,Fall,2022,https://boxd.it/3ffdQD,3,,"Eh, I've climbed taller 🥱",,2022-09-20
2022-09-25,The A-Team,2010,https://boxd.it/3fYyix,2.5,,"It's a <i>very</i> long movie for what it offers...

The tank scene was bonkers though, and I loved it.",,2022-09-24
2022-09-25,Neon Genesis Evangelion,1995,https://boxd.it/3g53J7,3.5,,The last two episodes definitely caught me off-guard until I realised that the point of the show was basically all the things that I hadn't been focusing on prior to that.,,2022-09-25
2022-09-26,Jujutsu Kaisen 0,2021,https://boxd.it/3gcK6L,4,,"Safe to say JJK is perhaps my favourite anime of all time, and watching this movie was a lovely mix of nostalgia for the show I love and excitement for a new story to enjoy.",,2022-09-25
2022-09-29,Shallow Grave,1994,https://boxd.it/3gKKjN,3,,"The most unrealistic part of this movie is the sheer <b><i>size</i></b> of the apartment those three friends were living in.

Hurts extra hard given I'm currently looking for somewhere to live myself 🙃",,2022-09-28
2022-10-01,Nope,2022,https://boxd.it/3h8R6T,4,,"First half was pretty solid horror, in my opinion. Idk what the second half was but I had a great time.",,2022-09-30
2022-10-02,Atlantis: The Lost Empire,2001,https://boxd.it/3hl1Kj,2.5,,"Maybe I expected too much from a simple Disney animation but almost everything about this was completely unremarkable.

The story and writing were both incredibly cookie-cutter, filled to the brim with too many characters and not enough character development, and pumped full of clichéd lines and uninteresting dialogue. If you have even <i>half</i> a brain cell you'll be able to predict where the story's heading right from the get-go; I know this was written for kids but it's been proven time and time again that it's possible for movies like this to age well even when adults watch them.

The animation was great though, to be fair. I think it had a little bit of that ""3D-but-2D"" stuff that was used a lot in Futurama and it definitely added a lot of fluidity and depth to the movie, which is good given how much of it was set underwater!

Anyway, I don't know why I wrote such a serious review for such a non-serious movie. Treasure Island is better than this. Go watch that instead. Or maybe Sinbad. I remember Sinbad being amazing.",,2022-10-01
2022-10-05,Sinbad: Legend of the Seven Seas,2003,https://boxd.it/3i3x35,4,,"I lived and <i>breathed</i> this movie as a child, and I still genuinely think holds up to this day.

The pacing feels absolutely perfect to me, and so much happens in just a 1h30 runtime without the movie feeling rushed or sloppy. I picked up on a lot more gags than I did when I was younger too, which made the entire experience even more fun!

Also Eris 😵😵",,2022-10-04
2022-10-08,Before Sunrise,1995,https://boxd.it/3iD2c3,4,,You know I would be <b><i>sobbing</i></b> on the train ride home after that.,,2022-10-07
2022-10-11,Werewolf by Night,2022,https://boxd.it/3jmFNd,3.5,,"What a strange thing for Marvel to just drop (I think) out of nowhere?? That's not to say I didn't enjoy it, though.

I really liked the first half, up to the end of the hunt, and thought the acting and cinematography were great! I don't know if they shot this on actual film but I spotted a few cigarette stubs on the screen at the end of some scenes, which was cute.

The charm basically vanished for me in the second half, though, where it felt like the production team just started trying to answer the question, ""what if Marvel movie, but in black and white?"" For me, this resulted in the feeling of something being missing (namely, any colour whatsoever) rather than the creation of an eerie atmosphere. I don't think Marvel action scenes work great on ye olde film.

Still thought it was pretty great, though! Giacchino crushed it with the soundtrack, too.",,2022-10-10
2022-10-16,Shattered Glass,2003,https://boxd.it/3ko3ZN,3.5,,More Hank Azaria please.,,2022-10-15
2022-10-17,Master and Commander: The Far Side of the World,2003,https://boxd.it/3kEpaf,4,,It's always nice to watch a competently good movie once in a while.,,2022-10-16
2022-10-19,Pirates of the Caribbean: The Curse of the Black Pearl,2003,https://boxd.it/3labTp,3.5,,"Just a silly, goofy movie really.

I want to know what happened that meant Hans Zimmer took over the soundtracks for the following movies...",,2022-10-19
2022-10-28,The Boat That Rocked,2009,https://boxd.it/3mUW3r,3.5,,I've got the hots for Talulah Riley now,,2022-10-27
2022-10-30,Perfect Sense,2011,https://boxd.it/3ns9lT,3.5,,"An exploration of ""love"" as a sense in itself, and the resilience of humankind in the face of change and adversity.

I thought this was a really sweet movie.",,2022-10-30
2022-11-01,The Ring,2002,https://boxd.it/3nQtXB,3,,"I supposed I am a <i>little</i> glad that this wasn't a cheesy, low-effort attempt at horror, filled with cheap jump scares and terrible writing.

<b><i>However... </i></b>I'm also a <i>little</i> upset that this wasn't a cheesy, low-effort attempt at horror, filled with cheap jump scares and terrible writing.",,2022-10-31
2022-11-03,See How They Run,2022,https://boxd.it/3oj6cZ,3,,"A pretty solid, fun whodunit all-round.

With <i>Knives Out</i> arguably giving the murder mystery genre a bit of a renaissance back in 2019, it's hard <i>not</i> to compare it to <i>See How The Run</i>. There's no contest, really.

I never found myself invested in this movie's story, nor did I particularly care for any of its characters or outcome. At least in comparison to <i>Knives Out</i>, everything felt a bit underdeveloped and façade-like.",,2022-11-03
2022-11-06,Barbarian,2022,https://boxd.it/3oTVwN,3.5,Yes,"Safest neighbourhood in Detroit.

--- 

For my serious review, though, I first want to say that I was really, really prepared to rate this higher; consider this an extremely generous 7/10, mainly due to how much I <i>loved</i> the first half.

I thought <i>Barbarian</i> started incredibly strongly, with an intriguing premise and great acting by Campbell and Skarsgård. I was so very invested in the relationship between their characters, looking forward to how it would develop over the course of the movie. What a fool I was.

I can pinpoint the moments in this movie where I went from enjoying it to merely entertaining it, to basically suffering through it, which is a real shame. So many scenes in the final act felt cheap and rushed, as if the writers were approaching some hard-and-fast 1h40 runtime target and needed to wrap things up quickly.","oli, dad, plex",2022-11-05
2022-11-12,Stillwater,2021,https://boxd.it/3qa9UF,4,,"I just love, love, <i>love</i> Matt Damon so much! He was genuinely great in this role, and characterised the Midwestern, out-of-touch, American dad overcoming language and cultural barriers so well.

I was really surprised to see so many people online disliking this for bad acting and muddled story, because I picked up on neither of those. I thought <i>Stillwater</i> was a really well-paced, emotional movie with an incredibly compelling story.",,2022-11-11
2022-11-14,Riders of Justice,2020,https://boxd.it/3qAvgf,3.5,,"Pretty fun, endearing mishmash of action, comedy and drama. I had a great time, even though the subtitles kept falling out of sync every 20 minutes. My fault fotnjot speaking Danish, to be honest.

Oh and the ""Star of Africa"" joke took me <b><i>out</i></b>.",,2022-11-13
2022-11-15,Unsane,2018,https://boxd.it/3qTncR,3,,"What a strange movie!

I quite liked the change of pace and smaller scale of story that <i>Unsane</i> offered, and the somewhat ""alternative"" cinematography and framing definitely made for a novel watch.

Ultimately, however, I think the film was let down by an overlong, drawn out ending which seemed to contradict a lot of the themes being presented the first place, so it didn't fully work for me. 

Let's be honest, though, I only really watched it for the Damon cameo.",,2022-11-14
2022-11-16,TÁR,2022,https://boxd.it/3r4Qw9,4.5,,"Wow, well... I can see why everyone likes this movie so much",,2022-11-15
2022-11-21,The Shape of Water,2017,https://boxd.it/3s5Zu3,3.5,,"I watched this without realising the Russian scenes were supposed to have subtitles so I fear I may have missed some crucial details to this film.

What I <i>can</i> tell you, though, is that Elisa is one <i>freakyyy </i>girl!",,2022-11-20
2022-11-24,The Menu,2022,https://boxd.it/3sFyLt,4,,"Definitely much stronger with the mystery in full flow but eerie, comedic, enjoyable throughout, regardless! I thought Ralph Fiennes was excellent! 

Another addition to the ""Anya Taylor-Joy girlboss universe"", too 💅",,2022-11-23
2022-11-25,Triangle,2009,https://boxd.it/3sXhXD,3,,"A pretty neat, clever little time loop romp!

A couple of questions were left unanswered which really <i>should've</i> been answered in order for everything to tie up perfectly but I'm happy to look past it and enjoy the movie for what it was.",,2022-11-25
2022-11-27,Raw,2016,https://boxd.it/3tihF7,5,,"😳 <-- my face the entire movie

What the fuck did I just watch? It was perfection. It was everything. I'm speechless??

I had a rough idea of what to expect, going in, but in no way was I prepared for just how <b><i>good</i></b> this movie was. The colours, the characters, the <i>concept</i>. Wild stuff. Amazing, crazy, wild stuff.

I don't think I've ever seen something that's made me bounce back and forth between such revulsion and disbelief and awe.

This'll be one to liven up the movie nights with friends.",,2022-11-26
2022-11-30,Titane,2021,https://boxd.it/3tYqoN,,,"I don't feel able to give this a rating, mainly because I don't <i>at all </i>understand what I just watched.",,2022-11-29
2022-12-02,Requiem for a Dream,2000,https://boxd.it/3uk0R9,3.5,,"Definitely an important watch, that's for sure.

I felt like the movie's message was a little bit lost on me; the dramatic ""montage"" shots and the massively overused main theme just made it all seem a bit heartless and vapid.",,2022-12-01
2022-12-06,About Time,2013,https://boxd.it/3vbknJ,4.5,,Every time I watch this movie I fall in love with it all over again.,,2022-12-05
2022-12-09,Zoolander,2001,https://boxd.it/3vMbzF,3,,"I had a blast watching this! 

The way Zoolander's expression settled back into a perma-serve after every line of dialogue absolutely <i>killed</i> me.",,2022-12-08
2022-12-16,Hidden Figures,2016,https://boxd.it/3xkDG7,3.5,,"Dorothy really understood job security by training everyone in Fortran. They'd still be in high demand today, damn.",,2022-12-15
2022-12-17,Avatar: The Way of Water,2022,https://boxd.it/3xwfhr,4.5,,"Spectacular in almost every way. I'm actually speechless at how good the visuals were. Like, first-in-class good. Every other blockbuster released this year should be ashamed of their CGI. Is this what happens when you pay your artists properly? 

Obviously the story wasn't exactly strong, although I don't think anyone was really expecting it to be. It's complex enough to introduce new characters and world-building but that's about it.

My biggest pain point, to be honest, was the dialogue; did they write it all in one afternoon? Again, not a massive problem because it's not the ""point"" of the movie, but it would've been nice for them to talk like actual people, especially in the action scenes.

Oh, and you're seriously telling me they've had 13 years to work on this and nobody's found a better typeface to use for the exposition text than <i>Papyrus!?</i>",cineworld crawley,2022-12-16
2022-12-20,The Shawshank Redemption,1994,https://boxd.it/3yn1AP,4.5,,Now I understand why everyone loves this film.,,2022-12-19
2022-12-21,The Handmaiden,2016,https://boxd.it/3yCWDL,3.5,,"Feel like I missed something, watching this, because everyone else seemed to rate this very highly while I just found it...good?

I'm not sure if I read too many reviews before committing to the 2h48m runtime, so maybe spoiled some of the plot points for myself. Still had a fun time, though, and I can see <i>why</i> people like it so much.

Also, very sad we never found out what the octopus was for :/",,2022-12-20
2022-12-22,Love Actually,2003,https://boxd.it/3yRfur,2.5,,"The only person I have any time for, at all, in this godawful movie is Bill Nighy because...well, he's Bill Nighy.

I cannot believe this was directed by the same man that gave us <i>About Time</i>.",,2022-12-21
2022-12-23,Eyes Wide Shut,1999,https://boxd.it/3zas6b,3.5,,"I'll be honest I found the point of this movie a little confusing, and all a bit underwhelming.

I liked it though! Also, the 2h39 runtime is purely because Nicole Kidman talks <i>oh</i> <i>so very</i> slowly.",,2022-12-22
2022-12-24,Glass Onion,2022,https://boxd.it/3zrNh9,2.5,,"Overhyped and disappointing :(

The problem with intentionally building an ensemble of shallow and annoying characters is that, at the end of the day, they're still shallow and annoying and irritating to watch, regardless of whether you did it for the bit.

Also, murder mysteries only work if there's actual mystery, too.",,2022-12-23
2022-12-25,Bodies Bodies Bodies,2022,https://boxd.it/3zNoxP,3.5,,Can anyone tell me what a Libra Moon is?,,2022-12-24
2022-12-27,The Fabelmans,2022,https://boxd.it/3AyqML,4,,I like the movies :),,2022-12-26
2022-12-30,Crazy Rich Asians,2018,https://boxd.it/3BFNYj,3.5,Yes,I'm such a sucker for this movie,,2022-12-29
2023-01-07,The Hobbit: The Desolation of Smaug,2013,https://boxd.it/3ETaYp,3,,"Definitely the weakest of the trilogy; it's such a long movie and so little seems to happen?

I was watching a version my brother edited that combines the final two films into a single, 4-hour epic and honestly was a massive improvement. Shame I can't rate <i>that</i> one on here.",,2023-01-06
2023-01-09,The Banshees of Inisherin,2022,https://boxd.it/3FN7hf,4,,"just boys being boys really, isn't it?",,2023-01-08
2023-01-10,Red Eye,2005,https://boxd.it/3Gasdz,3,,They could've turned the first act into a feature-length rom-com and I still would've had a great time watching it.,,2023-01-09
2023-01-13,Puss in Boots: The Last Wish,2022,https://boxd.it/3H5Wrv,4,,Ethical Bug <i>carried</i> this movie,,2023-01-12
2023-01-14,The Lord of the Rings: The Return of the King,2003,https://boxd.it/3HCpJR,4,,LOTR peaked with The Two Towers imo but this was still (obviously) great,,2023-01-14
2023-01-16,Foxcatcher,2014,https://boxd.it/3IfxWd,4,,"<i>Foxcatcher</i> definitely starts slow, but the initial commitment to a bit of character development and exposition is entirely worth it for the tense, eerie atmosphere that shrouds the rest of the movie, the growing tension hinting at inevitable tipping point, a culmination of all the events that came before it.

There's lots to say about wealth and loneliness in this movie, as well as stark parallels that can be drawn between different characters and their desires for fame, stability, and recognition in the world.

I'm glad I ended up enjoying this movie! Loved Steve Carell in this, too, even though I suppose he did technically very little acting. Less is more!",,2023-01-15
2023-01-18,Blade Runner 2049,2017,https://boxd.it/3ITSw1,4.5,Yes,"K had two girls in his apartment and he just stood there, terrified...he's just like me fr

Jokes aside I'm <i>so</i> glad I decided to watch this for a third(!) time. I saw an Open Matte copy this time and had my eyes reopened at just how gorgeous every 👏 single 👏  frame of this movie is. The colours <i>popped</i>, the lighting <i>slayed</i> (slew?), and the cinematography and framing were just <i>perfect</i>. People often say that you can take almost any frame of this film and turn it into an A-Tier movie poster and they're goddamn <b><i>right</i></b>.

And the <i>sound design!</i> Such a wonderful, enthralling, rich atmosphere is created by Zimmer & Wallfisch's incredible score, combined with this incredibly detailed, lived-in sound design that brings every single set piece to life. The fact that I can sit there at the end of the movie and feel like I've <i>lived</i> in 2049's world is awesome.

I paid so much more attention to the story this time, too, where I'd previously just let the beautiful visuals wash over me. While it's definitely the weakest <i>part</i> of the movie for me, that doesn't mean it's <i>weak</i>. There's quite an expansive, thoughtful tale being told that starts simply and branches out into something more complex and rewarding by the end--and it gives the movie some great excuses to show off lots of different sets and sites in the process. It can be a bit slow at points but I almost wonder if the ""aura"" of the movie would be broken by trying to speed it up at all.

Anyway, yeah, bumping this up half a star because I really had such a great time re-re-watching this!",,2023-01-17
2023-01-20,The Outfit,2022,https://boxd.it/3Jrq8N,3.5,,I'd was to rewatch this as a stage production next. It'd work so well!,,2023-01-19
2023-01-27,Guillermo del Toro's Pinocchio,2022,https://boxd.it/3LDUqJ,3,,My only takeaway is that we need a <i>Sebastian J. Cricke</i>t spin-off.,,2023-01-26
2023-02-01,All Quiet on the Western Front,2022,https://boxd.it/3NgQEJ,3.5,,"I spent most of the movie trying to work out where I recognised Daniel Brühl from.

I can't put my finger on it but something just felt a little bit off and slightly insincere in this movie.",,2023-01-31
2023-02-04,M3GAN,2022,https://boxd.it/3O7KOJ,3,,"I was struggling earlier today to explain to my parents what ""slay"" meant. 

This is it. M3GAN is slay.",,2023-02-03
2023-02-05,Everything Everywhere All at Once,2022,https://boxd.it/3OrpIF,4.5,Yes,Yep...cried again.,,2023-02-04
2023-02-09,The Guard,2011,https://boxd.it/3PEuV5,2.5,,"It's like if <i>Banshees of Inisherin</i> and <i>In Bruges</i> had a baby, but it was a really ugly baby.",,2023-02-08
2023-02-11,There Will Be Blood,2007,https://boxd.it/3Q8Wyt,3.5,,"Didn't enjoy as much as I was hoping.

Can't deny that Daniel Day-Lewis's performance was spectacular. I just thought it was a bit boring.",,2023-02-10
2023-02-15,Infinity Pool,2023,https://boxd.it/3RdWvj,3.5,,"If it were me, I think I would simply not get involved with those sorts of people in the first place..just a thought",,2023-02-14
2023-02-28,Babylon,2022,https://boxd.it/3UZLzH,3,,Very messy! Loved the incredibly obvious reuse of a La La Land motif too 😍,,2023-02-27
2023-03-03,"Synecdoche, New York",2008,https://boxd.it/3VJqlr,4,,"I think it's important to sometimes challenge yourself with movies like this.

The last time I watched this, I was sitting in the kitchen of my first year university accommodation with my friend, watching it on the TV mounted on the wall at the end of the room.

We must've started it pretty late into the night because I remember us finishing it at maybe 1-2am and just sitting there like, ""huh, okay..."" a little bit lost for words while we tried to make sense of what we'd seen.

I say this now because that's exactly the same feeling I felt watching it a second time, tonight. This movie will forever be intrinsically tied to that specific memory, and I think that's pretty cool.",,2023-03-02
2023-03-11,Gone Baby Gone,2007,https://boxd.it/3XT1rn,4,,I'm sure some areas of Boston are quite nice.,,2023-03-10
2023-03-27,John Wick: Chapter 4,2023,https://boxd.it/42jjP1,4,,Do you think John Wick books an Airbnb for every city he visits?,everyman reigate,2023-03-26
2023-04-03,The Silence of the Lambs,1991,https://boxd.it/44b5j3,4,,Yeah of course I was going to like this,,2023-04-02
2023-04-10,The Whale,2022,https://boxd.it/46dzkd,3.5,,This film gave me heart problems,,2023-04-09
2023-04-13,Tetris,2023,https://boxd.it/474A5p,2.5,,"Disappointed to waste two whole hours of my life on contract law, when I was really expecting a movie about everything that would've happened <i>after</i> this movie.

I think it all would've been a lot more interesting if the story was told from Alexey's perspective--you know, the man that <i>invented</i> the game--rather than demoting him to a lowly side character.",,2023-04-12
2023-04-15,Lars and the Real Girl,2007,https://boxd.it/47xcRH,4,,"Absolutely melting at how sweet and supportive everyone is in this movie 🥹

I'll never not love one of Ryan Gosling's performances, and this one is especially good because he actually has some <i>lines!</i>",,2023-04-14
2023-04-20,Air,2023,https://boxd.it/48TkVF,4,,"Sorry that 2h runtime absolutely <i>flew</i> by?? That's the sign of some great writing and acting, I guess.

Honestly such a funny movie! I was expecting something more serious in tone but very pleasantly surprised.

Matt Damon is and will always be a standout for me. He's great in everything and he's great in this. Affleck too. Ben Affleck is so good at these small bits of physical comedy. Like the way he sits and readjusts in a chair, or runs along a street, or enters a boardroom.

I wish there was more of this I could see.",cineworld crawley,2023-04-19
2023-04-21,Puss in Boots: The Last Wish,2022,https://boxd.it/494Rnt,4,Yes,"<a href=""https://i.kym-cdn.com/entries/icons/original/000/042/334/wikihow_man_pointing_mirror.jpg"" title=""""You are not attracted to Kitty Softpaws. You are not attracted to Kitty Softpaws.""""><i>""You are not attracted to Kitty Softpaws. You are <b>not</b> attracted to Kitty Softpaws.""</i></a>",,2023-04-20
2023-04-23,Nightcrawler,2014,https://boxd.it/49BcAn,4.5,,I think we could all take a page or two out of Lou Bloom's book,,2023-04-22
2023-04-29,Things to Come,1936,https://boxd.it/4bjlnf,3,,"You can see what they were going for, at least.",,2023-04-29
2023-05-01,The Northman,2022,https://boxd.it/4bNCIJ,4,Yes,Really vibed with the spiritualism this time around. Moving to a remote Icelandic sheep farm and worshipping and old Norse god is definitely the way to go.,,2023-04-30
2023-05-02,The Signal,2014,https://boxd.it/4c6T6Z,2.5,,"The worst combination of low budget sci-fi that has me <i>just</i> curious enough to commit to watching it, even though I <i>know</i> I'll be disappointed and feel like I've wasted my time.

Did not stick the landing.",,2023-05-01
2023-05-03,Troll Hunter,2010,https://boxd.it/4cmb6N,3.5,,"Definitely one of the better found-footage films out there, I think. Loved how much effort was put into making basically everything as realistic and plausible as possible.

Already planning a Norwegian summer holiday to catch myself a Jotnar!",,2023-05-02
2023-05-13,The Artifice Girl,2022,https://boxd.it/4eWiyp,3,,"Definitely had that low-budget camera quality about it and the lack of different locations was slightly painful but overall I thought it was good, and enjoyed that it touched on so many of the discussions that are being had about modern AI.

There was also particular scene in the second act which knocked me out and honestly makes the entire movie worth watching if nothing else.",,2023-05-12
2023-05-15,Jagged Edge,1985,https://boxd.it/4frb6l,2.5,,Blunt af,,2023-05-14
2023-05-19,The Fast and the Furious,2001,https://boxd.it/4gm74T,3.5,,"I cannot <i>believe</i> I'm contemplating watching the entire franchise now.

Genuinely a really fun movie.",,2023-05-18
2023-05-21,Old,2021,https://boxd.it/4gPBHf,3,,"See, that's what happens when you go to the beach that makes you old.",,2023-05-20
2023-05-25,Westworld,1973,https://boxd.it/4hYe1n,3.5,,"I want a nerdy, computer science sequel where they actually explain <i>why</i> the glorified sex bots went goblin mode.",,2023-05-25
2023-05-28,The Hudsucker Proxy,1994,https://boxd.it/4iy4jt,4,,"Didn't realise until afterwards that this was a Coen Brothers production, but I guess it explains the heavily stylised vibe and really unique script.

Took me a while to get into it because I've seen far too many movies recently which take themselves very seriously indeed but once I adjusted I had a great time.",,2023-05-27
2023-05-29,2 Fast 2 Furious,2003,https://boxd.it/4iOzcP,3,,"Someone flipped a switch and I just <i>completely</i> lost interest about half an hour from the end.

Was still quite fun at the beginning and I'm curious to see if <i>Tokyo Drif</i>t is any good.

Also I'm extremely Suki-pilled 🥰",,2023-05-28
2023-05-30,El Camino: A Breaking Bad Movie,2019,https://boxd.it/4j6Yk1,3.5,,Pretty solid but also pretty unremarkable. Felt much more like a 2h TV episode than a movie but it tied up Jesse's story nicely :),,2023-05-29
2023-06-03,True Grit,2010,https://boxd.it/4k6Rpn,3.5,Yes,"Hailee Steinfeld carries this movie, undoubtedly. Matt Damon is okay, and Jeff Bridges is fine. They've both played better roles than this.

Considered turning on the subtitles more than once because some of the lines in this film are delivered with such a southern drawl that they might as well be speaking gibberish.

Also there's a guy who gets about 5 minutes' screen time near the end where he just makes horse and pig noise, and it's just <i>never</i> addressed afterwards???",,2023-06-02
2023-06-04,BlackBerry,2023,https://boxd.it/4kp2w1,4,,"Damn I really felt my heart drop for these guys when 2007 rolled around 🥲

I really thought <i>Air</i> was going to be the best one of these sorts of movies this year but very happy to be proven wrong. <i>BlackBerry</i> is superior in so many ways for me.

Glenn Howerton is perfectly cast as Mr Ball-silly and it's great to see him in a more serious role outside of the <i>Always Sunny</i> clips I keep getting on TikTok.",,2023-06-03
2023-06-05,Spider-Man: Across the Spider-Verse,2023,https://boxd.it/4kH5cp,5,,Holy. Fucking. Shit.,vue exeter,2023-06-04
2023-06-20,Black Mirror: Joan Is Awful,2023,https://boxd.it/4oP3Vf,,,Black Mirror is good again?,,2023-06-16
2023-06-20,Black Mirror: Loch Henry,2023,https://boxd.it/4oP55Z,,,"The world would be a better place with much more of this single-hour, fully standalone, high drama content.",,2023-06-18
2023-06-30,Extraction,2020,https://boxd.it/4rEy1n,3,,"Not a fan of the yellow colour-grading that covered the entire movie, presumably because ""it takes place in Bangladesh""...

Otherwise, it was a pretty generic, run of the mill action flick that delivers some fun choreography and visuals.

I have no trouble believing that Chris Hemsworth could just <i>do</i> this if he wanted to.",,2023-06-28
2023-07-01,Asteroid City,2023,https://boxd.it/4rS3cH,3.5,,"I'm gonna need to watch this again to fully understand it.

TikTokers <b><i>wish</i></b> they could imitate Anderson's complete and utter grasp on the language of film.",the light redhill,2023-06-30
2023-07-02,Dungeons & Dragons: Honor Among Thieves,2023,https://boxd.it/4se6Nv,3.5,,"Maybe it's just because I've never played a proper Dungeons & Dragons campaign but I feel like I just spent the last two hours of my life watching all of the most popular fantasy franchises smushed together into an overly-sanitized, satirical, characterless ""Best Bits"" compilation video. 

That's not necessarily a comment on the quality of the film <i>itself</i>, though, which was...fine? It was visually great and competent in all the ways I was expecting but I never felt particularly engaged or invested, which is frustrating because I'd hoped I would enjoy it as much as all the reviews I've read.",,2023-07-01
2023-07-07,Minari,2020,https://boxd.it/4tLHEZ,3.5,,How nice of them to make an entire movie to accompany Emile Mosseri's wonderful soundtrack.,,2023-07-06
2023-07-09,Indiana Jones and the Dial of Destiny,2023,https://boxd.it/4ulSAV,3,,The Fleabag/Uncharted crossover we didn't know we needed,the light redhill,2023-07-08
2023-07-12,Mission: Impossible – Dead Reckoning,2023,https://boxd.it/4vjuYp,4,,movies are going to <i>suck</i> once we lose Tom Cruise.,cineworld crawley,2023-07-11
2023-07-20,Barbie,2023,https://boxd.it/4xK5bJ,4,,I was lucky enough to get to see this as part of a pre-release Staff Screening (thanks WBD). Easily the best cinema experience I've had all year 💖💖💖,cineworld leicester square,2023-07-19
2023-07-21,A Knight's Tale,2001,https://boxd.it/4y1sRn,4,,"So Chris Hemsworth just completely based himself off Heath Ledger, then?",,2023-07-20
2023-07-21,Guardians of the Galaxy Vol. 3,2023,https://boxd.it/4y59IJ,3.5,,"Maybe a little ropey at some points (especially some of the camera work right at the beginning??) but overall I enjoyed!

One thing I cannot overlook, though, is the High Evolutionary's abysmal city planning skills. You can't claim to want to build a new, utopian civilization and then construct exactly the same sorts of awful car-dependant, single family suburban sprawl 😡😡

Cosmo :)",,2023-07-20
2023-07-25,Edge of Tomorrow,2014,https://boxd.it/4zUW3h,3.5,,"This is, by all accounts, a pretty damn solid movie.",,2023-07-24
2023-07-31,Déjà Vu,2006,https://boxd.it/4CcwAD,4,,"I'm always gonna enjoy movies that play around with time in a fun way. Especially liked that this one breaks free from the ""you can't ever change the past"" chains that so many films subject themselves to.

Denzel Washington is super charismatic, too. Need to see more of his work!",,2023-07-28
2023-08-04,Oppenheimer,2023,https://boxd.it/4DOYX1,4.5,,"Oppenheimer is a massive movie that demands a lot from its audience and I just kept thinking to myself in the cinema, while watching this beautiful movie, how lucky I was to be able to experience it in IMAX as God...I mean, Nolan, intended.

Basically everything about the movie is perfect, I'd say. The 3 hour runtime is long, and I definitely felt it, but it's worth it for such an awesome crescendo of events, all branching off and building on each other, ultimately leading up to that moment with the final test.

Speaking of, I don't think I've ever heard a cinema so quiet before; you could've heard a pin drop in the front row. Everyone was just completely transfixed on picture in front of them, waiting for the impending shockwave to blow us out of our seats. You know, I hate to say it, but I actually almost felt like I was there <i>with</i> the characters, witnessing the event firsthand.

Everyone brought their A-game to this film, and I really, <i>really</i> hope Emily Blunt gets the recognition she deserves; maybe a Best Supporting Actress? Matt Damon is Matt Damon and I think he needs a mention for often bringing a bit of levity to such a heavy film; he's always good in his roles and I love the man. Ironically I don't have many strong feelings about Cillian Murphy's performance, one way or another!

Good lord I want to fucking <i>sob</i> at how emphatic and powerful Göransson's soundtrack is, too. He already has such a stacked list of movies in his portfolio and this is just yet another, perfectly capturing the essence of the movie and translating it into a sound that fills every corner of the room and plays with emotions I didn't even know I had!",cineworld leicester square,2023-08-03
2023-08-09,Marcel the Shell with Shoes On,2021,https://boxd.it/4FncGv,5,,I'm crying. Marcel is just a little guy and I'm <i>crying</i>.,,2023-08-08
2023-08-12,Superbad,2007,https://boxd.it/4GgAft,2.5,,"not for me :)

the mclovin subplot was funny though!",,2023-08-11
2023-08-20,We Need to Talk About Kevin,2011,https://boxd.it/4ILrEz,3,,"Wishful thinking to hope that a movie adaptation would include 100% of the content from its accompanying book.

A distinct lack of detail in comparison to the source material meant I really just found this a rushed, low-impact version of a story I previously really enjoyed.",,2023-08-19
2023-08-29,In the Mood for Love,2000,https://boxd.it/4LGcUJ,3.5,,I think this might hit me later tonight :'),picturehouse finsbury,2023-08-28
2023-09-04,GoodFellas,1990,https://boxd.it/4NqCxH,4,,Damn this has a <i>great</i> soundtrack,picturehouse finsbury,2023-09-03
2023-09-08,The Nun II,2023,https://boxd.it/4OxVOv,3,,"OK I'll admit I enjoyed this more than I thought I would.

Visually quite appealing and I thought the sound design was good too!

I definitely felt painfully aware of the endlessly repeating cycle of ""normal dialogue, creepy silence, expected jump-scare"" about half an hour into the movie and it just continued like that for the rest of the runtime which was tiring to watch. Could've definitely switched up the pacing a bit  and maybe taken some time to build moments of proper tension.

I did enjoy how silly and aggressive the Nun was, though, and at least the violence and horror felt suitably crunchy.",,2023-09-07
2023-09-16,Past Lives,2023,https://boxd.it/4QSc6t,4.5,,arthur :(,"picturehouse central, julia",2023-09-15
2023-09-17,Gladiator,2000,https://boxd.it/4Ra2vT,3,,"According to TikTok, men supposed to think about the Roman Empire at least once a week, so I thought I'd watch this tonight as a bit of revision.

Honestly not sure I can say I enjoyed it that much. The story felt quite flat for me and Crowe's acting left a lot to be desired.

Also the soundtrack is like 90% the same as Pirates of the Caribbean (I know this came first) and that kept catching me out whenever I heard it.",,2023-09-16
2023-09-18,This Is Going to Hurt,2022,https://boxd.it/4RwxJB,4.5,,Remind me to never let myself have favourite characters ever again 🥲,,2023-09-17
2023-09-23,The Truman Show,1998,https://boxd.it/4SNQAL,4.5,Yes,What a spectacular film ❤️,,2023-09-22
2023-09-25,The Irishman,2019,https://boxd.it/4Tpf95,4,,Joe Pesci's face is the wrinkliest thing known to man,picturehouse finsbury,2023-09-24
2023-09-29,No Country for Old Men,2007,https://boxd.it/4UzAvP,3.5,,"I didn't really get it but I resonated with what some of the reviews on here put forward, so probably worth a rewatch on my end.

Javier Bardem is <i>terrifying</i>, though, that's for sure.",,2023-09-28
2023-10-01,TRON: Legacy,2010,https://boxd.it/4V2MSJ,4,Yes,So heavily carried by its soundtrack and visuals. I watched this in IMAX and everything was a bajillion times more impressive. It's just a shame that the story is so lacking.,bfi imax,2023-09-30
2023-10-01,The Rat Catcher,2023,https://boxd.it/4V4Olh,3.5,,LOVED the ending.,,2023-09-30
2023-10-01,Arrival,2016,https://boxd.it/4VejlF,5,Yes,My favourite pastime is finding people who haven't seen <i>Arrival</i> and making them watch it with me. It's fun for the whole family.,,2023-09-30
2023-10-02,Casino,1995,https://boxd.it/4Vv4ZT,4.5,,"<i>""I should never have married him. He's a Gemini""</i>

I think this is my favourite Scorsese film so far! 

There was a great humour and energy that I didn't feel in the others that I've seen, and I actually managed to watch this all in one go without dozing off for a bit in the middle 😅",picturehouse finsbury,2023-10-01
2023-10-06,The Creator,2023,https://boxd.it/4WTQLH,2.5,,"Gets an extra half-star for perfectly capturing how I like sci-fi to look and feel but the script is really Not Great and that makes me sad.

<b><i>OH</i></b> and using Radiohead's <i>Everything In Its Right Place</i> as the in-world <i>Fortunate Son</i> replacement was kinda badass.","bfi imax, julia",2023-10-05
2023-10-07,Molly's Game,2017,https://boxd.it/4XbZnb,3.5,Yes,"Definitely enjoyed it more than I did last time. The first act is very strong and starts with such pace and energy that it's simply very fun to watch.

I thought the end was a bit abrupt, though, and things it felt a little bit too much to me that things magically resved themselves for the sake of a Hollywood ending. Overall, though, I still really liked it!

Also Jessica Chastain is so hot that I forgot how to breathe. So there's that, too.",,2023-10-06
2023-10-14,Fear Street: 1994,2021,https://boxd.it/4ZviiZ,3.5,,"I was so sceptical starting this, sitting with my arms crossed, huffing because I wasn't allowed to pick a ""proper"" horror movie (I wanted to watch <i>Talk to Me</i>).

I was hooting and hollering by the end, though. This is the perfect sort of movie to watch with friends, shouting and laughing at the TV whenever someone makes a silly decision or dies a silly death, and I was fully ready to commit to the marathon and watch all three in a single sitting once the credits rolled.

Not a scary movie by any means but the lighting is great and it's fast-paced enough to make for easy watching. There's a particular scene with a bakery-related appliance that I just thought was <i>great</i>, too!",,2023-10-13
2023-10-19,The Exorcist: Believer,2023,https://boxd.it/51bOUJ,1,,Mmmm it's not so good,"vue westfield, julia",2023-10-18
2023-10-22,Theater Camp,2023,https://boxd.it/51Z1ST,4,,"I'll absolutely be first in line to buy tickets once <i>Joan, Still </i>hits Broadway.

So, so much to love in this movie, I don't know where to start. It's amazingly written and so funny, everyone's acting is on point, and I think the mockumentary angle worked so well!",,2023-10-21
2023-10-22,Moon,2009,https://boxd.it/52i1Xd,3.5,,"Not as good as I remember it being, which was a shame.

Sam Rockwell's performance is great but the movie as a whole feels a bit muddled, especially after revealing a particular plot point so much earlier than I expected.",,2023-10-21
2023-10-26,Killers of the Flower Moon,2023,https://boxd.it/53rNFj,4.5,,"Watched this with a terrible, sinister sense of dread in the pit of my stomach the whole time.",bfi imax,2023-10-26
2023-10-27,X,2022,https://boxd.it/53Gxkz,3.5,,"Twitter, formerly known as X, was a fun horror movie!",,2023-10-26
2023-10-28,Pearl,2022,https://boxd.it/542sWH,3.5,,"Mia Goth might be destined to play these sorts of roles for the rest of her career. Mainly because I think she's the only person who can pull them off.

Also I'm the scarecrow :)",,2023-10-27
2023-10-30,Coraline,2009,https://boxd.it/54MBHt,4,,"If my Other Mother cooked me food like that, I'd happily sign my soul away in an instant.

Hard to believe it's all real stop motion!",julia,2023-10-29
2023-11-01,28 Days Later,2002,https://boxd.it/55Cz7n,3.5,,Tilting my head 45 degrees every other scene to compensate for all the Dutch angles.,,2023-10-31
2023-11-02,Interstellar,2014,https://boxd.it/561rcp,5,Yes,"<i>BFI 70mm</i>

I think I might've just seen God.

What's there to say that someone else hasn't probably said already? It was perfect. I'm already trying to work out when I'll next be able to watch something so incredible again.

To quote the guy next to me, as the credits rolled, ""That was different gravy.""",bfi imax,2023-11-01
2023-11-03,Crank,2006,https://boxd.it/56j1Tj,3,,"Absolutely wild, with some hilariously creative action sequences!",,2023-11-02
2023-11-05,The Killer,2023,https://boxd.it/570OGJ,4,,"Had an absolute blast watching this, and loved basically every second.

Fassbender plays the anonymous hitman with such a satisfying level of neurotic care and precision, and it's hard to imagine anyone else being quite as good in the role.

I really loved the fight choreography in that one particular scene midway through; the shaky cam was maybe a <i>bit</i> too shaky for me but the energy was there and every punch carried great sense of weight behind it.

Not sure how much I'd get out of a rewatch, to be honest, but I'll almost certainly stick it on once it's streaming on Netflix. Super glad I went to see it in the cinema first, though!

Also Fincher includes the word ""normie"" in this so canonically he's a 4chan user in my head now.",the light redhill,2023-11-04
2023-11-06,Over the Garden Wall,2014,https://boxd.it/57pcGh,,,I am Wirt and he is me,julia,2023-11-05
2023-11-11,Talk to Me,2022,https://boxd.it/58QgTH,4,,"Damn where can I get some of that possessed, toe-sucking action???",julia,2023-11-10
2023-11-11,The Simpsons Movie,2007,https://boxd.it/58RZOp,4,,I've seen this 3 or 4 times now and all of the jokes still land for me,julia,2023-11-11
2023-11-13,Carol,2015,https://boxd.it/59zqTH,3.5,,"Kicking, screaming and punching the air for these two.

Also can someone drop Cate Blanchett's back workout!? The lady has definitely maxed out the lat pulldown machine at her local PureGym, <i>damn</i>.",,2023-11-12
2023-11-15,Dream Scenario,2023,https://boxd.it/5abp8B,3.5,,"I think I liked it? It was genuinely hilarious and clever in places, with the theatre all erupting with laughter, but I feel like I didn't fully understand the message being conveyed?

I enjoyed the first act the most, when Nick Cage got to be a little sillier and goofier, because the rest was perhaps a little slow and wrapped up in its 😱 politics 😱

The cancel culture approach was pretty fresh and worked well with the subject material, though! There'll probably be a lot of people instantly decrying this as ""woke"" and refusing to ever watch it and I think they'll be missing out.

I will say, I thought the ending dragged a bit. There's a particular ""dreamfluencer"" advert I was expecting to see credits after...and then it just <i>kept going</i> for a while longer?","picturehouse finsbury, julia",2023-11-14
2023-11-23,The Hunger Games: The Ballad of Songbirds & Snakes,2023,https://boxd.it/5cHq7h,2,,I'm glad the Capitol decided to up their production value because the 10th Annual Hunger Games was <i>soooo</i> boring. Snore-fest!,"vue westfield, julia",2023-11-22
2023-11-30,Memento,2000,https://boxd.it/5fbNZJ,4,,"Yeah, uhhh, I thought I understood what was going on until I went back and actually tried to decide on the concrete storyline, at which point my brain turned to mush and slid out of my ears.

Probably simultaneously more and less complex than I'm giving it credit for.

I had a good time.",,2023-11-29
2023-12-06,One Cut of the Dead,2017,https://boxd.it/5hcttX,4,,"I was so incredulous at first of everyone loving this movie, and then it became the best thing I've ever seen. Loved it!",,2023-12-05
2023-12-08,Anatomy of a Fall,2023,https://boxd.it/5hVlkj,3.5,,The prosecution ate and left no crumbs,"picturehouse fulham, julia",2023-12-08
2023-12-10,About Time,2013,https://boxd.it/5ivyE9,4,Yes,"Not sure I like the (implied) message that it's alright to manipulate someone into marrying you by abusing the passage of time but I'm also not the sort of person who thinks that's the real message of the movie, so I can look past it and still enjoy it so much.

I forgot how important Tim's relationship with his father was in this movie, and it crushed me like it always does.","plex, julia",2023-12-09
2023-12-12,Speed,1994,https://boxd.it/5j9dXT,3.5,,"A gloriously 90s action movie filled with amazing lines like, ""there's enough C-4 on this thing to put a hole in the world!"" and, ""DO NOT attempt to grow a brain""",,2023-12-10
2023-12-12,Wonka,2023,https://boxd.it/5j9jUB,3.5,,"Forgot to log this at the time but I got to see a pre-screening of this and I wanted to brag.

Honestly I absolutely loved the first half of this movie. It felt suitably whimsical and magical, and the musical numbers were extremely catchy!

However, the second half bombed for me and I felt it fall heavily back into a generic, uninteresting, ""defeat the bad guys"" storyline just to tie up all the loose ends.",,2023-12-05
2023-12-12,Saltburn,2023,https://boxd.it/5jkPkd,4.5,,I <i>fucked</i> with this movie. So good! I absolutely love movies that have you gawping at the screen in shock and disbelief for their entire runtime. You could feel everyone in the audience just completely enthralled while it played out and it was just <i>such</i> a GREAT time.,"picturehouse finsbury, julia",2023-12-11
2023-12-15,A.I. Artificial Intelligence,2001,https://boxd.it/5kf7q1,4,,"Haley Joel Osment gives the child actor performance of a lifetime, and Jude Law is way too good at pretending to be a sex robot.",plex,2023-12-14
2023-12-19,Fallen Leaves,2023,https://boxd.it/5lNVLZ,3.5,,Most expressive Finnish person → 😐,"picturehouse hackney, julia",2023-12-18
2023-12-20,Godzilla Minus One,2023,https://boxd.it/5m9Qkj,4.5,,"Born too late to explore the Earth.
Born too early to explore the galaxy.
Born just in time to watch <i>Godzilla Minus One</i> in cinemas.",the light redhill,2023-12-19
2023-12-21,The Holdovers,2023,https://boxd.it/5mwLff,4,,"The magic slightly wore off for me as it went on, but still a really sweet movie!

All of the right sorts of stuff to become a bit of a Christmas classic for me, I think.",,2023-12-20
2023-12-23,House of Gucci,2021,https://boxd.it/5nl1LV,,,"Can't rate it because I decided not to even finish it.

Gaga is great. Driver is wooden and completely characterless. Leto is...acting for an entirely different movie??",,2023-12-22
2023-12-24,Vesper,2022,https://boxd.it/5nNm2X,2.5,,"<b><i>LEAKED</i></b> $5 million budget breakdown for <i>Vesper</i>:

- <b>Set design & CGI</b>: $4,999,990
- <b>Writers</b>: $10",,2023-12-23
2023-12-25,You've Got Mail,1998,https://boxd.it/5ok6ih,3.5,,They should've cut to the credits as soon as Meg Ryan's store went out of business.,,2023-12-24
2023-12-26,Toy Story 4,2019,https://boxd.it/5oF5TN,4.5,,Absolutely nails the physical humour and the casting for new characters is absolutely genius. Key and Peele as Bunny and Ducky were <i>hilarious.</i>,,2023-12-25
2023-12-26,Troy,2004,https://boxd.it/5oQ2Ul,2.5,,"It's just three hours of battle sequences sprinkled with a few conversations solely to justify more fighting.

Designed for boys who believe they could do what Achilles does ""if it really came to it"".",,2023-12-25
2023-12-27,Frequency,2000,https://boxd.it/5pqfqF,4,,"Such a fun, interesting concept and it was so well executed! I love me a movie that messes with time in a clever way.",,2023-12-26
2023-12-28,La La Land,2016,https://boxd.it/5q0qDn,5,Yes,Watched this at the Royal Albert Hall with a live orchestra and my life is now complete.,,2023-12-27
2023-12-29,Following,1998,https://boxd.it/5qst7Z,3.5,,"Very jarring to be watching this black and white, auteur, 4:3 film and then being confronted with a <i>Dunkin' Donuts</i> logo in the first shot.",,2023-12-28
2023-12-30,Primal Fear,1996,https://boxd.it/5rmdEv,3.5,,"I got got by the twist, so for that reason I like this movie.

Also Edward Norton is <i>SO</i> GOOD.",,2023-12-29
2023-12-31,Hereditary,2018,https://boxd.it/5rKPOh,4.5,Yes,"This movie always lingers with me long after the credits roll. I find myself checking the corners of rooms and staring corridors to see what faint shapes I can make out in the gloom.

But whenever I get too scared thinking about it, I just have to remember the yassified Toni Collette TikTok and everything is okay again.",julia,2023-12-31
2024-01-03,Fear Street: 1978,2021,https://boxd.it/5tC763,2,,Nowhere near as good as the first one. It so obviously wants to be Stranger Things it's painful.,,2024-01-02
2024-01-05,Aquaman and the Lost Kingdom,2023,https://boxd.it/5uCyr7,2,,"Patrick Wilson is far too good for this franchise.

Also, Jason Momoa is simply too big. Humans shouldn't be allowed to be that large.

There was a moment where I went out for the loo and I thought to myself, ""I could just not go back in.""",,2024-01-04
2024-01-05,The Boy and the Heron,2023,https://boxd.it/5uMYah,3,,This movie has exactly the same runtime as <i>Aquaman and the Lost Kingdom</i>!,"julia, barbican",2024-01-04
2024-01-08,Ex Machina,2015,https://boxd.it/5wZJdz,4,,Crazy how men falling in love with their AI girlfriends is actually now a reality.,plex,2024-01-07
2024-01-13,Poor Things,2023,https://boxd.it/5zITWx,5,,OK no I shouldn't have given <i>Saltburn</i> a 9/10.,"julia, curzon camden",2024-01-12
2024-01-14,"Dolly, Put the Kettle On",1947,https://boxd.it/5Ajfzx,,,This changed my life,,2024-01-13
2024-01-14,The Thing,1982,https://boxd.it/5Ajlrz,4,Yes,So fun to watch this in a cinema with other fans. The writing is as good as I remember and the colour and detail were even better thanks to a (apparently recent) remaster!,"bfi southbank, manu",2024-01-13
2024-01-18,2001: A Space Odyssey,1968,https://boxd.it/5CjzzF,4,,"OK I'll be really honest I don't see what's so special about the first half of this movie. I completely forgot how little dialogue there is and, at the risk of being ridiculed as someone who can't appreciate ""real cinema"", I'll admit I actually almost nodded off a few times...although that might've just been because the ambient space sounds were super relaxing and I haven't been sleeping enough lately.

We had a brief intermission halfway through and then, all of a sudden, I felt so invested and interested in the story. There's no doubt that the HAL chapter and the psychedelic finale are the strongest sections of the film, both linked by their explorations of an intelligence which surpasses that of humankind, one seeking to destroy, and the other seeking to improve and evolve.

And past that, I don't really know how much merit there is in trying to analyse this film. I don't think there's an adequate way to combine everything together in a way that doesn't leave <i>something</i> else out. You just have to sit there with everything and be content that it makes a really good movie.","tom, bfi imax",2024-01-17
2024-01-19,How to Blow Up a Pipeline,2022,https://boxd.it/5CXg0h,3.5,,"I could never be like this but good for them! :)

Those ""why I sabotaged your property"" posters go hard.",,2024-01-18
2024-01-20,Ratatouille,2007,https://boxd.it/5DrOpb,5,Yes,Even better when you have someone cooking every single for you as they're being served in the movie 😇,julia,2024-01-19
2024-01-20,Soul,2020,https://boxd.it/5DrRDv,4.5,Yes,Still blown away by how <i>good</i> everything in this looks! The lighting is gorgeous and the hair and fabric textures are on another level.,julia,2024-01-19
2024-01-21,Anger Management,2003,https://boxd.it/5EhhB3,3,,"Jack Nicholson is by far and wide the best part of this movie.

<i>Goosfraba.</i>",julia,2024-01-20
2024-01-28,Maestro,2023,https://boxd.it/5Hryul,3,,"For the most part this just felt to me like a rushed, disjointed collection of events that occurred, rather than a cohesive story with a real point to make. Like why did this story need to be told?

That being said, Carey Mulligan absolutely crushed it and wholeheartedly deserves her Oscar nomination. This movie is about her and her alone.",,2024-01-27
2024-02-04,One Life,2023,https://boxd.it/5KPV7f,3.5,,"Doesn't do anything super special, but tears were still shed.",,2024-02-03
2024-02-07,All of Us Strangers,2023,https://boxd.it/5MsS5n,4,,Absolutely loved how dreamlike and ethereal everything felt. The way they lit this movie was simply wonderful!,"picturehouse central, julia",2024-02-07
2024-02-08,Adventureland,2009,https://boxd.it/5MQWlR,2.5,,The vibe was just weird with this one.,,2024-02-08
2024-02-10,Dune,2021,https://boxd.it/5NwBbv,4,Yes,"Still visually stunning and exactly what I want from a film adaptation of Dune. Casting is great and the sound design and soundtrack are so perfect too. The set design is so beautifully sci-fi yet still grounded in the medieval roots that run throughout the Dune franchise.

However...I felt all that the first time and didn't have any new thoughts about it upon rewatching, so I struggled to enjoy it to the same degree. I think maybe it's the lack of relatability to the characters that's the rub for me here; I'll never be a Duke's son forced to wander a desert and ally with its native people to avenge my fallen house.

I also got to see an early preview of a scene from <i>Part 2</i>, which was extremely exciting! My initial impression was that it had a very different tone to anything in the first movie, and I'm on the fence about whether that'll be a good or a bad thing. Guess I'll have to watch until March!

TL;DR: <i>Dune</i> looks really nice on IMAX.",bfi imax,2024-02-09
2024-02-13,The Iron Claw,2023,https://boxd.it/5OYoml,4,,Not many people know this but I am literally Ric Flair.,"curzon camden, julia",2024-02-12
2024-02-16,American Fiction,2023,https://boxd.it/5Q1vPz,3.5,,Really enjoyed this! Sometimes it's nice to be reminded that movies don't always have to be serious to cover serious themes.,"julia, curzon mayfair",2024-02-15
2024-02-19,A Haunting in Venice,2023,https://boxd.it/5RGgo5,2.5,,"Someone needs to get Kenneth Brannagh a spirit level.
<i>
*badum tiss*</i>",,2024-02-18
2024-02-24,14 Peaks: Nothing Is Impossible,2021,https://boxd.it/5TQiql,3,,"Wow so I've just never done anything with my life, huh 😀",,2024-02-23
2024-03-02,Dune: Part Two,2024,https://boxd.it/5WZKKj,,,"Everyone needs a hypeman like Stillgar.

It's very clear we're living through a special moment right now, where another great piece of literature has finally, properly been adapted for the screen, without compromising on runtime or sense of scale. The stars have aligned and Denis Villeneuve has been sent to guide us.

It's hard for me not to compare this movie to its older sibling, and I think this is where the rub lies with me at the moment. I really, really loved how precise and choreographed Part One was in its direction, and something about Part Two just felt rougher round the edges, and slightly more...detached? There are more character viewpoints to keep track of and it demands that the focus jumps around more to accommodate it.

I think I remember feeling similarly after reading the book, though, so maybe it's just a byproduct of having to adapt some much less straightforward material.

I still fully plan on seeing this a second time, which says a lot. I need another watch to fully appreciate the spectacle I just experienced.","bfi imax, manu",2024-03-01
2024-03-07,Midnight Mass,2021,https://boxd.it/5Zu8gb,4,,Realised I forgot to log this but <i>damn</i> what an incredible show.,,
2024-03-08,The Intern,2015,https://boxd.it/5ZO6Ix,3,,"It's one of <i>those</i> movies, you know?",,2024-03-07
2024-03-09,Dune,2021,https://boxd.it/60rXWl,5,Yes,Having seen <i>Part Two</i> I'm now able to appreciate what I like about <i>Part One</i> so much more. it's a perfect movie.,julia,2024-03-08
2024-03-10,Solaris,2002,https://boxd.it/60YTQp,4,,"<i>""Will she come back?""</i>
<i>""Do you want her to?""</i>

Wow, there's a lot that I loved here.

The absolute standout for me is Cliff Martinez's score, though. It's truly beautiful, and hauntingly melancholic in all the right ways.

Ultimately, I almost wish it was slightly longer? The ending felt quite rushed and I would've liked for more of the questions to be developed and resolved. Instead the movie seems satisfied with taking a slightly easier route out, and I think it was a missed opportunity.

I'll probably have the soundtrack on repeat all of tomorrow, though.",,2024-03-09
2024-03-12,The Last Repair Shop,2023,https://boxd.it/61RqPx,,,"I often forget that music is genuinely one of my greatest passions, and then I hear a story about how one man's $20 violin took him all over the world, or how a single mum's American Dream was realised through the opportunity to repair instruments for others, and it's just...waterworks 😭

When you think that we're really just a bunch of animals blowing air through metal tubes and banging on wooden boxes...for something so beautiful to come from that is completely and utterly incredible.

I should go and practise my saxophone.",,2024-03-11
2024-03-14,Annihilation,2018,https://boxd.it/634mW5,3.5,Yes,"More style over substance, but what a gorgeous movie.",julia,2024-03-14
2024-03-15,Dune: Part Two,2024,https://boxd.it/63ltK5,5,Yes,"I guess all it took was a second watch, and I'm happy to say I'm so back on the Dune 2 hype train, baby. I'm a wormpilled, sandmaxxing Fremcel to the <i>core</i>.

Seriously though I think I was just stunned by my first watch because I enjoyed this one so much more and was able to devote so much more attention to the story and the acting, instead of just being bowled over by the incredible cinematography and set design. I saw Part 2 with Dolby Atmos audio this time, too, and what a difference to made. Night and day! It's so much easier to transport yourself to the surface of Arrakis when the wormsign actually, <i>literally</i> vibrates the room around you, and everything was just so much more immersive.

My initial concerns over Stilgar's character having been used for comedic relief were also quashed this time, which I was extremely relieved about. Bardem's incredible performance felt so nuanced and definitely leant a lot further towards the ""crazed fanatic"" side than it did for me before. This is a man so desperately blinded by faith that he'd find the signs in just about anything if it meant there'd be a Messiah for him to follow. In a way I think he acted really well as a representation of the Fremen people as a whole, especially by the end of the movie.

I'm really glad I went to see this a second time. I finally feel able to form an opinion on the movie because I could say after the first watch was, ""I liked it,"" and any of my friends could tell you how unsure I came across when they asked me what I thought. This has definitely cemented <i>Dune: Part 2</i> as one of my favourite movies.

Also it's really embarrassing but there was a maybe 15-20 minute section in the middle of the film that I had absolutely no recollection of seeing before??? I'm not sure if I fell asleep or what but it was awesome to watch that for the first time!",odeon west end,2024-03-15
2024-03-16,Paterson,2016,https://boxd.it/63IOWd,4,,"This movie left me feeling very strange. How wonderful.

Also that dog needs to be put down.",julia,2024-03-15
2024-03-17,Drive-Away Dolls,2024,https://boxd.it/64eZ75,2,,We travelled for almost an hour to watch this wretched movie.,"julia, curzon riverside",2024-03-16
2024-03-24,Dune: Part Two,2024,https://boxd.it/67dTTd,5,Yes,Yeah it's still good.,vue leicester square,2024-03-23
2024-03-28,Godzilla × Kong: The New Empire,2024,https://boxd.it/69he7j,2,,Why did Mothra have to make that noise,cineworld leicester square,2024-03-27
2024-03-29,Immaculate,2024,https://boxd.it/69Mlk7,3,,Sweeney carried and it was pretty fun overall. Could've definitely let themselves get weirder with the story and I would've been A-okay with it.,"manu, jordan, odeon leicester square",2024-03-29
2024-03-31,The Spider Within: A Spider-Verse Story,2023,https://boxd.it/6ayGrf,,,something something realistic depiction of a panic attack,youtube,2024-03-30
2024-03-31,After Hours,1985,https://boxd.it/6aH3Ed,4,,what are all these people doing up at 4am?? Go to sleep!,nft2,2024-03-30
2024-04-06,Dark Waters,2019,https://boxd.it/6dLSRn,3.5,Yes,Really nailed that feeling of helplessness when trying to go up against Big Business.,,2024-04-06
2024-04-12,Monkey Man,2024,https://boxd.it/6g57cv,4,,"This film is just an endless amount of Dev Patel picking up ordinary objects and finding creative ways to hurt people with them, and I'm all for it.

Undoubtedly an incredible success for Patel as he enters the filmmaking scene with a beautiful, bloody splatter.","julia, picturehouse central",2024-04-11
2024-04-15,Robot Dreams,2023,https://boxd.it/6haOyN,3.5,,I think Dog could've tried much harder to break back into that beach...,"julia, plex",2024-04-14
2024-04-27,Mad Max: Fury Road,2015,https://boxd.it/6lUC5d,4.5,Yes,I think I'd do a really good job as that War Boy with a guitar,"julia, bfi imax",2024-04-26
2024-05-03,Civil War,2024,https://boxd.it/6oyJkH,3.5,,"Simultaneously felt absolutely gripped by this movie and underwhelmed by its ending. I feel like it never quite got round to finishing what it was trying to say?

That being said, it was still incredibly intense and I found myself holding my breath in anticipation at so many different points throughout. The sound design was really well done, too, and I thought the movie was shot really beautifully.",picturehouse central,2024-05-02
2024-05-07,Challengers,2024,https://boxd.it/6qkCXn,4.5,,The last 10 minutes were absolutely <i>electric</i>,"julia, odeon west end",2024-05-06
2024-05-17,Rise of the Planet of the Apes,2011,https://boxd.it/6unQ7H,3.5,Yes,What the fuck was that neighbour's problem???,disney+,2024-05-17
2024-05-19,Kingdom of the Planet of the Apes,2024,https://boxd.it/6uYEoZ,2.5,,"They're gonna make another one, aren't they...",the light redhill,2024-05-18
2024-05-22,Good Will Hunting,1997,https://boxd.it/6wh04n,4,Yes,It's not his fault 😭😭😭,netflix,2024-05-21
2024-05-26,Furiosa: A Mad Max Saga,2024,https://boxd.it/6xP5JR,4,,"Really the most outrageously incredible movie I've seen all year. Takes a lot of what I loved from <i>Fury Road</i> and mixes it with some very interesting, exciting storytelling.

Immortan Joe is so so cold, man.","julia, odeon west end",2024-05-25
2024-05-26,Amélie,2001,https://boxd.it/6xP72F,4.5,Yes,I wish more movies were shot and directed like this.,"julia, plex",2024-05-24
2024-05-29,Furiosa: A Mad Max Saga,2024,https://boxd.it/6z88QN,4,Yes,"Fiendishly long. Honestly wish George Miller could find a way to make it 2 hours because there's just <i>sooooo</i> much movie

However, it's still good! I love how beautiful the desert looks. Denis could take some notes.",,2024-05-28
2024-06-05,About Time,2013,https://boxd.it/6CkVnh,4,Yes,"Yeah it's still a cute movie but I seen it too many times now.

Still love the father-son relationship scenes the most. Wondering now what all the women in this family would think if they knew they'd all (potentially) been manipulated into marrying these time travelling men.","rooftop film, julia",2024-06-01
2024-06-05,Mulan,1998,https://boxd.it/6CkVZF,3.5,,"I teared up by the end of <i>""I'll Make a Man Out of You""</i>","julia, disney+",2024-06-05
2024-06-07,La Chimera,2023,https://boxd.it/6CR7LJ,4,,"Absolutely <i>adored</i> the ending. Very sweet :)

I thought this movie looked really beautiful. Very beautiful natural lighting and all the outside scenes were gorgeous.

Josh O'Connor is an incredible actor okay.

There was one particular moment, inside one of the tombs, where we've been taking in the beauty and elegance and history of the sculptures and gifts, when <i>something</i> happened that made me feel genuinely upset, and I thought that was powerful stuff.","julia, curzon soho",2024-06-06
2024-06-16,The Dark Knight,2008,https://boxd.it/6Gs4S9,4.5,Yes,"<i>IMAX 70mm</i>

Once again blown away by Heath Ledger's incredible performance. It's been long enough since I last watched that most of this movie was fresh and exciting to me again! Felt like it started to drag a little bit towards the end, but overall still very glad I got to watch it again.

The full-frame IMAX scenes also look <i>soooo</i> clean and scratched a big itch inside my brain every single time. Love love love!",bfi imax,2024-06-16
2024-06-22,Reservoir Dogs,1992,https://boxd.it/6IJRVj,3,,"I don't think I actually enjoy Tarantino's hyper aggressive, macho man dialogue all that much. If you just fucking start putting fucking swear words between every other fucking word they really fucking start to lose their fucking impact.","simon, luke, prime",2024-06-21
2024-06-23,Operation Mincemeat,2021,https://boxd.it/6JaFZR,3,,And they turned this into a musical..?,"julia, plex",2024-06-22
2024-06-24,Inside Out 2,2024,https://boxd.it/6JrBRN,3.5,,"Adding this to my ""Animated movies with a realistic depiction of a panic attack"" list as we speak.

I cried like crazy!","julia, curzon camden",2024-06-23
2024-06-24,Come from Away,2021,https://boxd.it/6JDyjx,4,,What a great cast!,"julia, apple tv",2024-06-23
2024-06-30,Braveheart,1995,https://boxd.it/6LSJIB,3.5,,"<b>Guy who's only seen <i>The Northman</i></b>: ""Getting a lot of <i>The Northman</i> vibes from this.""","julia, disney+",2024-06-29
2024-07-03,A Quiet Place: Day One,2024,https://boxd.it/6Naoeb,3.5,,Shoutout to the Death Angels. Gotta be one of my favourite modern movie monsters.,"julia, picturehouse central",2024-07-02
2024-07-22,10 Things I Hate About You,1999,https://boxd.it/6VWkcj,3.5,,Everything I was expecting and hoping it would be. Very early-2000s in all the best ways. Just a very easy evening watch!,"julia, disney+",2024-07-22
2024-07-23,Longlegs,2024,https://boxd.it/6WoCYV,3.5,,"Really loved what Perkins was going for in this movie but felt like it never escalated to the heights I was hoping for, and it ended more abruptly than I was expecting.

The tiny cast and often empty, deserted sets created a really unsettling sense of isolation and helplessness that I <i>loved</i>. Take the opening scene, with the sea of identical, new-build houses on an estate stretching to infinity, or her log cabin home hidden deep in the woods. Awesome stuff.

Nicholas Cage really pulled off something great with <i>Longlegs</i> the character, too. It's so close to silliness but ultimately a very creepy performance if you let yourself be scared by it.

Maybe it could've been a little gorier or had more jumpscares to be the horror movie I was looking forward to. I think about 90% of it was pure setup for a ""finale"" which didn't really resolve anything 😬

Oh I thought the lightning was <i>incredible</i> though.","julia, curzon victoria, alice, ollie",2024-07-23
2024-07-29,Twisters,2024,https://boxd.it/6YRZ9H,3.5,,"<b>Things I liked:</b>
- Glen Powell. This man is seriously charismatic and I totally agree that he's our best shot at a modern-day ""movie star renaissance"".
- The tornados. <i>Twisters</i> positions itself as a natural disaster monster movie and I think it works really well. The mythos and reverence surrounding storm chasing is pretty infectious and I found myself thinking I'd probably watch that YouTube channel in real life.

<b>Things I didn't like:</b>
- The pair behind us who kept talking to each other for the duration of the film.
- The three kids and dad to my left who held a running Q&A, at full volume, about who each character was and what their names were and why they were doing what they were doing.
- The family to my right (after we moved seats) who all repeatedly took turns, individually, walking past the screen to leave the theatre from about the halfway mark until the credits rolled.
- The mother who left her infant son alone in the cinema for the start of the movie and then returned, about 20 minutes in, with her phone flashlight on to search around for her seat and figure out where he was sitting.

Like I feel super grumpy about it because I thought the movie was really fun but honestly people need to <i>sit down</i> and <i>shut up </i>if they're sharing a cinema with other people who've paid to be there.","julia, vue westfield",2024-07-28
2024-08-18,Alien: Romulus,2024,https://boxd.it/77CPw3,3,,"Really top-notch set design, props, costumes, CGI etc. Exactly how I like my sci-fi to look and I was loving it.

Not convinced so much by the story, though. Really felt like a string of video game levels, and some of these scenes even actually had the characters speaking as if they were giving a tutorial! Was hoping for more suspense and less action, but got it the other way round.

Cailee Spaeny though!","julia, bfi imax",2024-08-17
2024-08-22,Stopmotion,2023,https://boxd.it/79NKVR,3.5,,Suitably gross with some great horror elements. I felt it was a bit long at times but overall an enjoyable watch!,"manu, bfi southbank, nft1",2024-08-22
2024-09-01,Blink Twice,2024,https://boxd.it/7ebGnl,3,,"Feel like more could've been done to develop the first third, either speeding it up or introducing more mystery, because it felt quite slow and repetitive.

Conversely, I actually found the jump to the reveal to be...too sudden? Like we're moseying along, piecing this puzzle together and than <i>bam</i> there it all is. And it's a depth of topic that I didn't really feel like the movie had earned. It's not a particularly serious movie and to—very quickly—try and wedge in something which <i>is</i> quite serious felt a bit wrong to me. Maybe it's the point that the (explained) motivations don't justify certain characters' actions, but I finding some way to add a few hints to that would've been cool.

Aside from that, because there are positives to talk about, I thought it was still a pretty good movie. Naomi Ackie was very strong in her lead role, and Channing Tatum very convincingly plays an evil tech bro.",curzon camden,2024-08-31
2024-09-02,Aliens,1986,https://boxd.it/7eDaKj,,,"Dunno how to rate this because I watched it in two sittings, so a lot of the momentum was lost on me.

Still able to appreciate the practical VFX throughout the movie. For something as large-scale as this, they consistently look really good!",disney+,2024-09-01
2024-09-04,The Nice Guys,2016,https://boxd.it/7fT1z3,4,,This is incredible film and stuff.,plex,2024-09-04
2024-09-06,Sanctuary,2022,https://boxd.it/7gtZgd,3.5,,Margaret Qualley I was actually already familiar with your game.,plex,2024-09-05
2024-09-07,Where Dreams Go To Die,2017,https://boxd.it/7gQz9h,,,"If you want to go fast, go alone. If you want to go far, go together. The Barkley Marathon is both.

Putting aside the obviously inhuman fitness that's demanded of these human runners, their support team also plays such a factor in getting them over the finish line. Found myself tearing up at seeing how devoted Gary's friends and family were to helping him achieve this goal. His victory is their victory.",youtube,2024-09-06
2024-09-15,Beetlejuice Beetlejuice,2024,https://boxd.it/7kKm9x,3.5,,"So much fun watching this! You can tell the cast must've had a great time filming, and all the sets (especially anything in the afterlife) were amazing.

The Delores subplot was pointless though.","julia, picturehouse central",2024-09-15
2024-09-20,The Frighteners,1996,https://boxd.it/7mUzdP,2.5,,It's too long but undeniably quite a lot of fun.,"plex, oli, dad",2024-09-20
2024-09-22,Strange Darling,2023,https://boxd.it/7nSAEx,3,,"Strange Darling? More like...Strange Movie 🤣🤣🤣

Did you know they filmed this <i>entirely</i> on 35mm???","julia, 🇧🇪 cinema palace",2024-09-22
2024-10-03,Megalopolis,2024,https://boxd.it/7suCQH,2,,this movie is ass 🤣🤣🤣,"bfi imax, simon, luke",2024-10-02
2024-10-05,Bull,2021,https://boxd.it/7tDIKH,3,,Where is Jessica Hyde?,"dad, netflix",2024-10-05
2024-10-07,The Substance,2024,https://boxd.it/7ukGqr,4,,"Watched most of the second act from between my fingers because I really couldn't hack the tension and the truly nauseating sound design. It really managed to get under my skin and I almost had to tap out.

I still had an insane amount of fun with this but I don't think I want to watch it ever again!

Also it traumatised my girlfriend, so bonus points for that ;)","julia, alice, ollie, picturehouse central",2024-10-06
2024-10-19,A Different Man,2024,https://boxd.it/7AmgNx,4,,"So I thought I was going to see <i>Anora</i> tonight but it turns out I'd misread the date on my tickets and was about two weeks early to the screening.

Nevertheless, I was already in movie-mode and determined to see <i>something</i> so as to stop my efforts going to waste. I saw my local Curzon screening <i>A Different Man</i> and hopped on a bus to sprint across the city to try and catch it in time.

It was a pretty fun movie!",curzon camden,2024-10-18
2024-10-21,Nightbitch,2024,https://boxd.it/7BkisB,2,,How did Amy Adams go from <i>Arrival</i> to this?,"julia, prince charles cinema",2024-10-20
2024-10-26,Notting Hill,1999,https://boxd.it/7DVtKj,3,,"Anna Scott, leave that poor man alone!","netflix, mum, dad",2024-10-25
2024-10-28,Rebel Ridge,2024,https://boxd.it/7EOm9Z,4,,The PACE scene...,"dad, netflix",2024-10-27
2024-10-28,The Two Popes,2019,https://boxd.it/7EZkWn,3,,Letterboxd reviews led me to believe this would be a romcom!,"netflix, mum, dad",2024-10-27
2024-10-29,The Wild Robot,2024,https://boxd.it/7FDsdP,5,,Those baby possums man...,"picturehouse finsbury, julia",2024-10-28
2024-11-02,The Addams Family,1991,https://boxd.it/7HBWCz,3,,<i>The Thing</i> must have some insane wrist strength.,"netflix, julia, amelia",2024-11-01
2024-11-08,Juror #2,2024,https://boxd.it/7KBjVp,3,,"Kind of averagely good all over but failed to get me to care about its story.

The jurors are a good set of distinct characters but Hoult's story and motivation was lacking a lot.",picturehouse crouch end,2024-11-07
2024-11-10,Anora,2024,https://boxd.it/7LtuI5,4,,"Felt a bit tricked when the movie turned into a ""journey movie"" halfway through. The first act was so electric and exciting that I didn't want to leave it.","julia, picturehouse finsbury",2024-11-09
2024-11-12,A Man Called Otto,2022,https://boxd.it/7MVOPF,3.5,,It follows the formula to a tee but damn if it doesn't still hit.,"netflix, mum, dad",2024-11-11
2024-11-28,Wicked,2024,https://boxd.it/7V50fp,3,,"I can see why the 5-star rating people gave this 5 stars, I really can. The songs are so much fun, the sets are (mostly) gorgeous, and it really feels about as good as a film adaptation of a Broadway show could be.

But it's just not one of those 5-star movies for me. I still enjoyed it and will be going to see Part 2 when it comes out! :)

<i>Also</i>, Ariana Grande is really funny??? Her stage (screen?) presence is insane and you can tell she absolutely ""gets"" how to play <i>Guh</i>-linda to her fullest, especially in the first two acts.","julia, vue leicester square",2024-11-28
2024-12-01,Conclave,2024,https://boxd.it/7Wfxq5,3.5,,"Deeply loved Ralph Fiennes' speech about faith and doubt.
I'm not religious but I might pick up Christianity and work my way up to being a cardinal just so I can take part in this silly, gossipy tradition.

I thought the ""revelation"" at the end was a little bit meh. Not the thing itself but it felt quite disconnected from the rest of the movie and not sure what it added.","julia, picturehouse ealing",2024-11-30
2024-12-02,The Wild Robot,2024,https://boxd.it/7WWxSz,,Yes,Oh man I love those possums so much,"julia, alice, ollie, apple tv",2024-12-01
2024-12-07,(500) Days of Summer,2009,https://boxd.it/7Zel9h,4,,"Didn't need the narration!!! I think this movie has the potential to destroy me if watched at exactly the wrong period of my life.

Also that little hand touch at the end set Tom back about 3 whole weeks in his getting over of Summer.","julia, disney+",2024-12-06
2024-12-08,Chef,2014,https://boxd.it/7ZNyQt,4,Yes,"It's a little bit ""Jon Favreau self-congratulatory"" but honestly still so sweet and is a good message about rediscovering your passion and working hard.","mum, dad, netflix",2024-12-07
2024-12-13,Bridget Jones's Diary,2001,https://boxd.it/82fc7F,3,,Beginning to understand why Hugh Grant had/has the rom-com industry wrapped around his finger.,netflix,2024-12-12
2024-12-18,The Lord of the Rings: The War of the Rohirrim,2024,https://boxd.it/855Yer,2.5,,Not amazing...,"bfi imax, oli",2024-12-17
2024-12-19,Elf,2003,https://boxd.it/85u6I3,3.5,,"It's cute and entertaining, yeah!",julia,2024-12-15
2024-12-23,The Wrong Trousers,1993,https://boxd.it/87LZ0n,5,,"Wallace is such a bumbling idiot, why does Gromit put up with him?

This is the peak of animation.","julia, oli",2024-12-22
2024-12-24,Carry-On,2024,https://boxd.it/88GDaT,2.5,,It's not quite <i>Die Hard</i>,"netflix, dad, mum",2024-12-23
2024-12-24,The Holdovers,2023,https://boxd.it/890PGH,4,Yes,This is something really special,"plex, julia, dad, mum, oli",2024-12-22
2024-12-25,Little Women,2019,https://boxd.it/89KQrl,4.5,,"<i>Such</i> a gorgeous movie 🥹 Every shot is beautifully lit!

Saoirse Ronan really steals every scene she's in, and Florence Pugh is very good too, even if I'm not quite convinced by her ""child"" acting.","dad, mum, oli",2024-12-25
2024-12-26,Wallace & Gromit: Vengeance Most Fowl,2024,https://boxd.it/8a2zbV,4,,"So many amazingly clever ideas crammed into the runtime and very, very funny all round.","dad, mum, oli",2024-12-25
2024-12-27,Roald Dahl's Matilda the Musical,2022,https://boxd.it/8b32St,3.5,,"Not sure if the songs fully landed for me but there were definitely a couple that had me in awe at Tim Minchin's writing prowess. Like how do you fit every letter of the alphabet into a song so naturally and eloquently and cleverly?? So impressive!

Emma Thompson was a standout for me, too. I think she nailed her portrayal of Trunchbull in such a ""love to hate her"" way.","mum, dad",2024-12-26
2024-12-28,"The Boy, the Mole, the Fox and the Horse",2022,https://boxd.it/8bGiGL,2,,"bit of a nothingburger really. every line feels specifically crafted to be heard individually, instead of forming a coherent narrative",,2024-12-27
2024-12-28,Alice Through the Looking Glass,2016,https://boxd.it/8bJb71,2,,"Barely watchable, and I was barely watching it while on my laptop!",,2024-12-27
2024-12-28,La Chimera,2023,https://boxd.it/8bXe0P,4,Yes,"It's quite a long two hours but it definitely succeeds in drawing me into its world and characters.

Beautifully shot, I still love how the light looks in this film. Something about it being in Italian also really works for me, and adds another cultural, social layer to the story.

And the ending, yes! Love it. It's perfect. It's so bittersweet and beautiful.","apple tv, mum, dad",2024-12-27
2024-12-29,Flushed Away,2006,https://boxd.it/8cBnEJ,3,Yes,They should remake this in claymation,,2024-12-28
2025-01-11,A Real Pain,2024,https://boxd.it/8pG16x,3.5,,Succession S3-4 interlude.,"julia, plex",2025-01-10
2025-01-12,We Live in Time,2024,https://boxd.it/8ruY0H,3.5,,"they're hitting those eggs way too hard against the countertop, like please ease up a little bit and then you won't have to clean up raw egg white from the surface when you're done!","julia, plex",2025-01-12
2025-01-18,Decision to Leave,2022,https://boxd.it/8vPfuv,4,,the camerawork in this is crazy good,plex,2025-01-17
2025-01-26,The Brutalist,2024,https://boxd.it/8BGFW7,3.5,,"First half was absolutely electric and incredible. Adrian Brody fully deserves his nomination.

Also bring back intervals for long movies! That shit was magical 😍","julia, tom, picturehouse finsbury",2025-01-25
2025-01-28,Secretary,2002,https://boxd.it/8DyowN,3.5,,"A lot more tender and funny than I thought it would be! Find someone who loves the way you love, and don't worry about the rest.","julia, plex",2025-01-27
2025-01-31,Flow,2024,https://boxd.it/8FMAuF,3,,"A weird crossbreed between ""extended PS2 cutscene"" and ""ambient silent film arthouse project"", and I didn't find it as engaging as everyone else.

Both Julia and I fell asleep before the end and had to (re-)watch the last 20 minutes again.","julia, plex",2025-01-25
2025-02-05,Lilo & Stitch,2002,https://boxd.it/8JL08n,4.5,,"Something about this movie hits to different to the other Pixar movies for me. The colour palette and the character design are so, so beautiful!","julia, disney+",2025-02-04
2025-02-06,Grease,1978,https://boxd.it/8KrX3v,3,,"Hmm, didn't enjoy this as much as I thought I would!",julia,2025-01-31
2025-02-06,"Definitely, Maybe",2008,https://boxd.it/8KrZDZ,2.5,,Fun rom-com but it's way too long and the obsession with Bill Clinton is <i>really weird??</i>,julia,2025-01-31
2025-02-06,My Dearest Fu Bao,2024,https://boxd.it/8Ks3BD,3.5,,"Cried a lot during this. Must be absolutely <i>heart-wrenching </i>to say goodbye like this to an animal you've spend years of your life raising and loving.

Did think it was lightly long, though. Lots of times it felt like it was about to end and then it jumped into <i>another</i> scene and I felt a bit cheated.

I absolutely love how all the pandas are credited in Letterboxd!",julia,2025-01-31
2025-02-06,"I Love You, Man",2009,https://boxd.it/8Ks7Bn,2,,"Hoped for a more ""serious"" comedy about how hard it can be to find and maintain friendships as an adult but this was more juvenile and too silly for my taste.",julia,2025-02-01
2025-02-10,The Fall Guy,2024,https://boxd.it/8Nf4O5,4,,"This is a movie which thinks it's cool, and absolutely <i>is</i>. Such a funny script, Ryan Gosling is (as we already know) an incredible comedic actor, both physically and verbally; everything he does in this movie is absolute <b>gold</b>.

I really loved how self-referential and meta a lot of the scenes in this movie were and, combined with a staggering number of very cool stunts and practical gags, it really feels like the ode to stunt performers that I'm sure it wants to be—this is further reinforced with the behind the scenes shots during the credits, loved!

A final spattering of random stuff:
- Is this really Emily Blunt's normal accent??
- Aaron Taylor-Johnson doing a Matthew McConnaghey  impression very well
- You NEED....CARBS!!!
- Alien robot voice changers are so funny
- Waiting for a Director’s Cut with a full METALSTORM featurette

Very good movie. Very good fun. Go watch it if you haven't already.",julia,2025-02-10
2025-02-10,The Watchers,2024,https://boxd.it/8Nf5Mp,2,,Nothing much going on in this movie. It's an interesting premise which falls flat after about 30 minutes of bickering and boringness.,,2025-02-10
2025-02-14,The Bourne Identity,2002,https://boxd.it/8PbQPZ,3.5,,"It's good, but not as good as I remembered it. I almost wish it was completely told from Bourne's perspective, with none of the extra exposition to explain what's going on.

Ending with Moby still goes so hard though.",plex,2025-02-13
2025-02-16,Bridget Jones: Mad About the Boy,2025,https://boxd.it/8QjB0d,3,,"The biggest surprise to me was that every single child on that minibus somehow knew the lyrics to the 1982 hit single, <i>Should I Stay or Should I Go</i>.","julia, picturehouse crouch end",2025-02-15
2025-02-17,Heretic,2024,https://boxd.it/8RgV93,3,,"Strong start and middle, but didn't stick the landing for me. It sort of gets pointlessly gory and I feel like the movie's message could've been conveyed even better by leaving it out.","plex, dad, mum",2025-02-16
2025-03-02,A Complete Unknown,2024,https://boxd.it/8ZyYSD,2.5,,"DNF. The stream I was watching stopped working and I realised I wasn't enjoying this at all enough to try and get it up and running again.

Timmy's fine and all but <i>wow</i> Dylan is an unlikeable person. The way this story is told just feels completely indifferent and directionless and, like, why should I care about that??

Edit: OK I finished it the next afternoon and don't feel any different. All I want to say is Edward Norton is very good and should be recognised! Poor guy just wanted to put on a folk festival 🥲",julia,2025-03-01
2025-03-10,Mickey 17,2025,https://boxd.it/94I187,3,,"Liked it when it was a cool, funny sci-fi film exploring the ramifications and applications of cloning yourself after death. Didn't like when it devolved into a generic, shouty action alien movie.

Robert Pattinson undoubtedly extremely well-cast as Mickey, though.","julia, picturehouse central",2025-03-08
2025-03-21,Best in Show,2000,https://boxd.it/9boh8l,3.5,,"<i>""She looks like a cocktail waitress on an oil rig""</i> 💀","plex, julia",2025-03-20
2025-04-06,Chef,2014,https://boxd.it/9koVcD,4,Yes,"Even better when you're served a ""deconstructed cheese toastie"" at the same time they eat it in the movie, and it's two slices of slightly toasted bread swimming in far too much cheese sauce.

I'd kill for Carl's restaurant-style apartment kitchen, though.","vic, tastefilm",2025-04-05
2025-04-12,Adolescence,2025,https://boxd.it/9nA5NN,4,,"First three episodes were extremely powerful to me. Weirdly I think Ep 2 was my favourite. It really painted a dismal picture of UK schools and the comète lack of respect and interest when it comes to education, and I think I fully believe that it's getting like that.

The final episode didn't quite land for me. I appreciate telling that side of the story but it almost, somehow, felt a bit disconnected and didn't have enough impact to be a ""finale"".","connie, netflix",2025-04-11
2025-04-14,Whiplash,2014,https://boxd.it/9p0czJ,5,Yes,"It's still good. I still love it.

Is it bad of me to say I kinda see where Fletcher is coming from?","julia, plex",2025-04-13
2025-04-18,Arrival,2016,https://boxd.it/9raTZj,5,Yes,"Yet another film I wish I'd seen in the cinema. Will forever love the atmosphere created by Jóhann Jóhannsson's beautiful score, rest in peace :(( you have an eternal fan in me","julia, plex",2025-04-17
2025-04-20,Black Mirror: Eulogy,2025,https://boxd.it/9slzsb,4,,"Black Mirror at its best. Grounded in reality and so close to feeling viable in today's world made this episode hit in a way some of the other new ones didn't.

And, of course, Paul Giamatti is wonderful, if seemingly a little bit similar to his <i>Holdovers</i> character.","netflix, julia",2025-04-19
2025-04-20,Black Mirror: Bête Noire,2025,https://boxd.it/9slO0L,2,,"Swing and a miss. :) started interesting then got very silly

Maybe not the easiest scenario to flesh out into a full-length episode","julia, netflix",2025-04-17
2025-04-20,Black Mirror: Plaything,2025,https://boxd.it/9sTPQB,3.5,,"Liked this! Really enjoyed the scenes with older computer hardware being cobbled together—that computer built in the apartment was really, really striking.

Capaldi and Gribben both incredibly excellent, too. I just feel like the ending was a little rushed.",netflix,2025-04-20
2025-04-20,The Princess Bride,1987,https://boxd.it/9sWgMF,3,,"I mean it's alright! I struggle to understand what makes this a 5-star movie for people, even on a nostalgia/meta level.","plex, dad, mum, oli",2025-04-19
2025-04-21,Black Mirror: USS Callister – Into Infinity,2025,https://boxd.it/9t5Qwh,3.5,,I'd probably watch this as its own TV show.,netflix,2025-04-20
2025-04-21,The Order,2024,https://boxd.it/9thZov,4,,"Wow. Really surprised at how good this is, and how little I'd heard of it.

No doubt this is a pretty bleak movie. The tone feels so subdued, almost hopeless, the entire time, with the ending—rightfully, in my opinion—really never landing on any sense of ""good triumphing over evil"".

There are no winners in a fight like this. Everyone just ends up worse off than before.","plex, dad",2025-04-20
2025-04-23,Sinners,2025,https://boxd.it/9uCZ8t,4.5,,"I haven't felt this way about a movie, during the movie, for a long time. Probably since Dune Part 2. Grinning from ear to ear at parts, edge of my seat at others. Ryan Coogler has cooked this to perfection. I don't know what else to say.

Expecting to bump this to a 10/10 if (when) I rewatch.","dad, the light redhill",2025-04-22
2025-04-24,Tron,1982,https://boxd.it/9vaRo7,2,,"Very light on story. Presumably because this was really mainly a demo for showing off some (pretty cool) tech.

<i><b>Tron</b></i> walked (stumbled...) so <i><b>Tron: Legacy</b></i> could run :)

Can't wait to see what <i><b>Ares</b></i> is like!","dad, plex",2025-04-23
2025-05-06,Thunderbolts*,2025,https://boxd.it/9C6MzJ,2.5,,"Hard to compare to anything else Marvel has put out recently because I've intentionally been avoiding it. It's not bad. It's not great but it's not bad. Maybe that's as good as we'll get from Marvel for the time being? And then maybe it'll start to become good again? That'd be great.

I felt a huge pang of nostalgia when Bucky rode in and Winter Soldiered all over the place. That was the peak, classic MCU I used to love.","curzon camden, julia",2025-05-05
2025-05-09,Stardust,2007,https://boxd.it/9E6DkX,4,,"A classic from my childhood, and it'll always have a place in my heart.

Genuinely think this is a great, standalone fantasy movie, and the message about love requiring no exchange except your hearts is simply beautiful.","julia, plex",2025-05-08
2025-05-29,Mission: Impossible – Dead Reckoning,2023,https://boxd.it/9POdPd,3.5,Yes,"Definitely not as good as <i>Fallout</i> or <i>Ghost Protocol</i>, but that doesn't stop it from trying! Full of some incredible stunts and sequences, and I thought the 2h44m runtime absolutely <i>flew</i> by.

I think the story takes a major backseat in this movie, potentially to highlight the action even more, but I don't think that makes it any worse of a movie.",plex,2025-05-28
2025-05-30,Mission: Impossible – The Final Reckoning,2025,https://boxd.it/9QqlNZ,3.5,,"Just gotta get through that first act, with all its exposition and flashbacks and ""previously on"" explainers because, once you're through, there's an extremely fun action movie waiting on the other side, full of amazing stunt set pieces and quintessential Mission Impossible drama and peril.

If I had to criticise one thing...if I <i>had</i> to...it would be that perhaps there were one too many doohickeys, thingamajigs, and whatchamacallits that needed to be connected, synced, and hooked together before they could defeat The Entity. Imagine if they'd forgotten their USB adapter!","picturehouse central, tom",2025-05-29
2025-06-19,Love & Mercy,2014,https://boxd.it/a3bpR9,4,,"Paul Giamatti, you have such a slappable face!","julia, iplayer",2025-06-19
2025-06-20,A Nice Indian Boy,2024,https://boxd.it/a3uT5H,3,,"I'm sorry, this rating is a me problem.",julia,2025-06-19
2025-06-25,28 Weeks Later,2007,https://boxd.it/a6PvTR,2,,"Think this movie's a bit pointless, really.

It exists solely to serve up bland army-zombie shoot-em-up slop and does nothing to further the story from <i>28 Days </i>or put forward its own, different message.

I don't even like this franchise that much but I thought I'd give it a watch in preparation for seeing <i>28 Years</i> later this week. What a waste of my time!",netflix,2025-06-24
2025-06-26,F1,2025,https://boxd.it/a7QeSt,3.5,,"Succeeds where real F1 fails because a real F1 race could never be this exciting to watch.

I hope I look half as good as Brad Pitt does when <i>I'm</i> 61.",curzon camden,2025-06-26
2025-06-28,28 Years Later,2025,https://boxd.it/a8xTMx,4,,"A fever dream of a movie in the best way. The choppy, frenetic editing and hyper-saturated look has only grown on me since I left the cinema.

Those same aspects definitely made it feel a bit rough around the edges at times, and I found myself wishing it could feel a bit more grounded in reality sometimes, only to promptly.change my mind and realise that, actually, this all makes it that much more interesting and fun to watch.

Very fleshed-out, lived in world. The set pieces and landscapes felt almost fantastical in a way, and I loved the occasional reminders that regular life was continuing on for everybody outside of the UK. They should probably quarantine us anyway, regardless of the zombies.

I didn't realise there was going to be a second (and even third!) part to this movie, so very excited to see that when it comes out!

Oh and it's hardly surprising but Ralph Fiennes stole the show for me. His stage presence is outstanding and he's a really great actor, is all I want to add.","julia, simon, picturehouse central",2025-06-27
2025-06-30,My Neighbor Totoro,1988,https://boxd.it/a9WwFR,4,,"So nice to be reminded that there are chill movies out there, with low stakes and minimal drama. Very cute characters all round and I loved the father's relationship with his daughters.

Very heartwarming to leave the cinema and hear multiple people humming the theme! ☺️","julia, bfi southbank",2025-06-29
2025-07-01,London's Hidden Track,2025,https://boxd.it/abfYtr,5,,"A powerful reminder about the importance of stepping back from the stress of daily life and reconnecting with the nature that surrounds us. Inspired me to appreciate the moments when I get to slow down and recharge.

So proud of my girlfriend for making this 🥰",julia,2025-07-01
2025-07-13,Superman,2025,https://boxd.it/aj45BZ,3.5,,"Lex Luthor is a world-class hater in this. Every choice and action is dictated by whether it will lead him closer towards the destruction of Superman, and I'm absolutely here for it. Nicholas Hoult <i>nailed</i> it.","julia, simon, luke, vue islington",2025-07-12
2025-07-13,Final Destination Bloodlines,2025,https://boxd.it/ajjqoH,3,,"The setups for every death were SO perfect. Loved trying to guess what was gonna happen and, more often than I expected, being surprised by something I'd overlooked.","julia, connie, plex",2025-07-12
2025-07-14,The Ballad of Wallis Island,2025,https://boxd.it/ajPo9z,4,,Extremely cute film! Tim Key is so charmingly funny.,"julia, curzon camden",2025-07-13
2025-07-15,The Hitchhiker's Guide to the Galaxy,1981,https://boxd.it/alnMEN,4,Yes,A very great adaptation of the books! Extremely funny and oddly comforting. I think <i>Hitchhiker's Guide </i>was the first sci-fi series I read as a child 🥹,plex,2025-07-15
2025-07-21,KPop Demon Hunters,2025,https://boxd.it/aq0qhh,3.5,,I'm sorry I'd probably be a Saja Boys stan if I was there,"julia, netflix",2025-07-21
2025-07-31,Blockers,2018,https://boxd.it/axVnSV,2.5,,"Worried that I won't be allowed to choose anything at movie nights from now on 😅

It had some endearing moments though!","julia, ollie, alice, netflix",2025-07-30
2025-08-03,KPop Demon Hunters,2025,https://boxd.it/aAgowr,4,Yes,Even better on a second watch! Just imagine being in that stadium when <i>Your Idol</i> played for the first time. Life-changing experience.,"julia, ollie, alice, netflix",2025-08-02
2025-08-05,The Fantastic 4: First Steps,2025,https://boxd.it/aBY7Hz,3,,"A step in the right direction but still blergh!

Definitely one of the more visually interesting things Marvel has pumped out in recent times—it honestly actually looks quite <i>good!</i>—but that doesn't save it from a weak storyline and a boring third act.","julia, curzon camden",2025-08-04
2025-08-11,Materialists,2025,https://boxd.it/aGpiAz,2.5,,"Did not like this. Sorry!

Pretty bland acting across the board. I'm not certain anyone actually read their scripts until the day they started filming?

If this was the 90s, <i>Materialists</i> would've been a snappy, 90-minute romcom with actual humorous moments and a likeable lead, and we'd probably have been better off for it.","julia, plex",2025-08-10
2025-08-14,Weapons,2025,https://boxd.it/aIPkj1,4,,"Think the trailer was selling something very different to the movie. That's not to say I didn't enjoy the movie but it's always going to be a little disappointing when a set of expectations aren't met.

Anyway, sulk over. Lots to like here! The story is told in a particular way that really effectively builds the tension from multiple different angles at once. I actually cared about the characters and felt they were all given compelling motivations.

As with a lot of horror movies, it's at its best when we don't know what's going on and are only give the teeniest of peeks behind d the curtain. I don't think the ending fully landed for me but it was a very fun final few scenes! Are we allowed to laugh during horror movies? Genuinely funny in many places!","picturehouse finsbury, julia, luke, joe, chloe, cait, mark",2025-08-13
2025-08-27,Freaky Friday,2003,https://boxd.it/aSA0kX,4.5,,"VERY cute, funny movie and I may have shed a tear of two during the rehearsal dinner scene. Jamie Lee Curtis and Lindsay Lohan played off each other phenomenally well.","julia, disney+",2025-08-23
2025-08-30,The Thursday Murder Club,2025,https://boxd.it/aU9HMz,2.5,,"The cast was endearing but the plot failed to win me over. Too much care taken in explaining every logical deduction down to the minutest or detail. Adding more deaths doesn't make the reveal more satisfying!!! At least it was somewhat funny, I think?","oli, picturehouse central",2025-08-29
2025-09-29,One Battle After Another,2025,https://boxd.it/bcXBZJ,4.5,,"Sean Penn, everybody! Electric cinema.","odeon leicester square, simon, luke, joe",2025-09-28
2025-10-20,Freakier Friday,2025,https://boxd.it/bq3hnf,3,,"Can't wait for Freaky Friday 50: Freakiest Friday, when every single person on Earth swaps bodies with someone else and nobody has any idea what to do.","julia, plex",2025-10-17
2025-11-02,Bring Her Back,2025,https://boxd.it/bzg7H7,3.5,,"Top/tier casting for the role of ""creepy little child"". He's gonna go far.

Enioyed the movie but would like even more weird culty VHS content and disgusting rituals.","julia, ollie, alice",2025-10-31
2025-11-02,Frankenstein,2025,https://boxd.it/bzgjNV,4,,Jacob Elordi is so tall.,"julia, curzon camden",2025-11-01
2025-11-29,Wake Up Dead Man,2025,https://boxd.it/bROAuh,3.5,,Too long! but also quite fun!,"julia, tom, picturehouse central",2025-11-28
2025-12-10,TRON: Ares,2025,https://boxd.it/bZBSp1,2,,This is not a Tron movie. This is a shitty action movie in a Tron skin-suit.,"dad, plex",2025-12-09
2025-12-11,Die Hard,1988,https://boxd.it/bZYPZh,4,Yes,So cool to see this in a cinema! More places need to do rescreenings. Cinemas shouldn't just be for new movies!!!,"the light redhill, dad, julia, oli",2025-12-08
2025-12-12,Me and Earl and the Dying Girl,2015,https://boxd.it/c0Taah,3.5,,"Started to zone out a bit at the end but then <b>BAM</b> suddenly <i>Brian Eno </i>is playing??

I think there's a headspace in which this movie would make me very sad, but it didn't quite hit like that for me. I mostly felt very fixated on how annoying Greg is as a person...","julia, plex",2025-12-11
2025-12-20,Avatar: Fire and Ash,2025,https://boxd.it/c8cDZJ,3,,"Oh, you know Colonel Miles Quaritch was <i>down <b>bad</b></i> for Varang.

Every single star from this rating is for the visual effects. I'm pretty sure the story was exactly the same as Way of the Water. Not so much a fan of the constant, unpredictable switching to high framerate. At least keep it consistent across the same scene!","manu, jordan, odeon west end",2025-12-20
2025-12-23,The Ballad of Wallis Island,2025,https://boxd.it/cb61Kr,4,Yes,"Even sweeter and more charming on a second watch.

Felt especially moved by Tim Key's character this time round. The way he juggles keeping his connection to his wife alive through the music they loved, while also battling loneliness and still yearning for some form of human companionship. Very emotional and heartwarming all the way through 🥰","plex, dad, mum",2025-12-22
2025-12-26,Gremlins,1984,https://boxd.it/cecd9r,4,Yes,"Screw <i>Die Hard</i>, THIS is the ""Christmas film"" everybody should he watching.","plex, dad, mum, oli",2025-12-25
2025-12-27,John Wick: Chapter 4,2023,https://boxd.it/cg8Pr9,4,Yes,Really comes into its own in the final third. John Wick going all <i>Hotline Miami</i> on us is cool as fuck and will never get old.,"plex, dad",2025-12-26
2025-12-28,"What's Up, Doc?",1972,https://boxd.it/cgLp7b,4,,The best car chase I've ever seen,"iplayer, dad, mum",2025-12-27
2026-01-06,The Wedding Banquet,2025,https://boxd.it/csKzJl,2.5,,I didn't think it would be great...but it's <i>really</i> not great. It so desperately wants to be in the same group as <i>A Nice Indian Boy</i> but it just doesn't have the <b>sauce.</b>,"julia, plex",2026-01-03
2026-01-06,Marty Supreme,2025,https://boxd.it/ctTlZV,4.5,,"Absolutely buzzing throughout this. I felt like someone had injexted the soundtrack directly into my veins.

Needs more table tennis, though, please!","julia, curzon camden",2026-01-06
2026-01-14,Air,2023,https://boxd.it/cDf2D7,3.5,Yes,"""How we signed Michael Jordan"" is kind of a bizarre thing to base your 1h51m biopic around but I'll be dammed if it doesn't still hit.","julia, plex",2026-01-13
2026-01-18,28 Years Later: The Bone Temple,2026,https://boxd.it/cGkfKx,3,,"Definitely not as strong as the first <i>Years</i>. Too much time spent with Jimmy and the gang doing not much at all, and nowhere near enough time with Dr Kelson! Ralph Fiennes is putting in some <i>incredible</i> work here.","julia, luke, simon, curzon camden",2026-01-17
2026-01-27,Hot Fuzz,2007,https://boxd.it/cR5Tb7,4.5,Yes,Perfect movie. So much visual comedy. So much verbal comedy. Everything exists in this movie for a reason and some of the background gags are wonderful for spotting for a rewatch.,"julia, plex",2026-01-24
2026-01-31,Nouvelle Vague,2025,https://boxd.it/cUSKzp,3.5,,"<i>« Moteur, Raoul! »</i>","julia, luke, simon, curzon camden",2026-01-30
2026-02-03,The Lord of the Rings: The Return of the King,2003,https://boxd.it/cXCKSr,4.5,Yes,I mean this is just the quintessential fantasy story that everyone else wishes they could replicate. What an amazing world we live in that this was able to get such a great adaptation.,"oli, vue leicester square",2026-02-01
2026-02-10,Bend It Like Beckham,2002,https://boxd.it/d45UXN,2.5,,"Contains some great lines like, “anyone can make aloo gobi, but who can bend it like Beckham?”","julia, plex, lucy, amelia",2026-02-09
2026-02-12,The Intern,2015,https://boxd.it/d5GaKV,3.5,Yes,So much better watching this in a cinema with Nancy fans. ❤️,"julia, picturehouse central",2026-02-11
2026-02-14,Something's Gotta Give,2003,https://boxd.it/d6XTt9,3,,"Something's gotta give, but it’s not Jack Nicholson’s acting…

Maybe another one that’s better in the cinema","julia, plex",2026-02-13
2026-02-15,Wuthering Heights,2026,https://boxd.it/d7QKmX,2,,"BADBADNOTGOOD. Devoid of life and the two leads are so unlikable. But not in a ""wow they've been written so well” kind of way, more like a, “I hate watching this and would rather be doing just about anything else” vibe.

Very much a wasted Saturday afternoon 😀👍","julia, curzon camden",2026-02-14
2026-02-17,Bugonia,2025,https://boxd.it/da1RrP,4,,Absolutely <i>flies</i> by!,"plex, julia",2026-02-15
2026-02-25,If I Had Legs I'd Kick You,2025,https://boxd.it/diahMd,4,,Horrendously stressful watch. So glad I saw it. That kid is a creature from a horror movie and she should've killed it :/,"curzon camden, julia, luke",2026-02-24
2026-03-02,I Swear,2025,https://boxd.it/dm5JBN,5,,"One of the most earnest movies 🥺 Robert Aramayo is so, so good, and I’ll be cheering for Dottie until the day I die. 🏆

Not to get too into it but there’s a scene in this which basically exactly mirrors what I think the response should’ve been surrounding the whole BAFTAs “situation”, and the fact that there are people who aren’t responding like that makes this all the more important of a watch.","plex, julia, alice, ollie",2026-03-01
2026-03-13,Sirāt,2025,https://boxd.it/duJMad,3.5,,"What do you do when you enjoyed a movie but then you read the half-star reviews and it’s like, “oh…”?","julia, plex",2026-03-12
2026-03-15,Hoppers,2026,https://boxd.it/dw6Dxx,4.5,,"Movies have the power to change the world. Not a dry eye in the room 😭

🦫 🪵","julia, curzon camden",2026-03-14
2026-03-15,Hamnet,2025,https://boxd.it/dwl5wb,3.5,,"Definitely a Cinema Movie, and it probably would’ve hit much harder had I seen it when it came out.","julia, plex",2026-03-14
2026-03-17,Louis Theroux: Inside the Manosphere,2026,https://boxd.it/dylKNZ,3,,"Not really saying anything new, but still glad it’s being said. The problem is that the only people who’ll watch this are not the audience who <i>need</i> to.","dad, netflix",2026-03-16
2026-03-18,Sinners,2025,https://boxd.it/dz9YQ9,5,Yes,"Bumping it up half a star because not a day has gone by since I first saw this that I <i>haven’t</i> been thinking about a rewatch. I’ve only just got around to it, 11 months later, and the fact that it <i>still</i> managed to exceed the levels of hype I’d created for myself is just a testament to how much I love this film. 

I’ve listened to the soundtrack nearly every single day, yet it hits so differently and more powerfully with the movie behind it.","julia, plex",2026-03-17
2026-03-19,WALL·E,2008,https://boxd.it/dzVFHN,4.5,Yes,Love this little guy,"plex, julia",2026-03-18
2026-03-20,Predator: Badlands,2025,https://boxd.it/dADwkD,2.5,,I’ve decided I don’t care for these sorts of movies anymore.,plex,2026-03-19
2026-03-23,Project Hail Mary,2026,https://boxd.it/dDsjCf,4,,"Still a good movie but think it would’ve been better if I hadn’t read the book first. There’s just too much left out from the story that I think is important to know, and the movie felt reduced down to just the bare essentials to make it hold together.

Also, far too much music, and song choices that seemed quite disconnected from the movie’s overall vibe. It’s totally fine for some scenes to be in silence, and I think the directors should’ve leaned into that a bit more!","cineworld leicester square, julia, alice, ollie, imax",2026-03-22
2026-03-27,No Other Choice,2025,https://boxd.it/dH7FKf,4.5,,What Julia said.,"julia, picturehouse central",2026-03-26
2026-04-01,3 Idiots,2009,https://boxd.it/dLLw8R,3.5,,Fun movie with a good message but it’s a bit too corny for me :/ IM SORRY,"julia, plex",2026-03-31
2026-04-04,Inception,2010,https://boxd.it/dOA2kt,5,,Think the third act is a tad long but otherwise no notes. GREAT movie two thumbs up 👍👍,"plex, julia, dad, mum",2026-04-03
2026-04-05,When Harry Met Sally...,1989,https://boxd.it/dQaoyj,4,,I think this might be the best romcom 🥰,"plex, julia, mum, dad",2026-04-05
2026-04-12,Interstellar,2014,https://boxd.it/dWxyot,5,Yes,Saw with a live orchestra and it was incredible.,"royal albert hall, julia",2026-04-05
2026-04-18,The Housemaid,2025,https://boxd.it/e0CC5L,2,,"<b>Me:</b> Mum, can we have <i>Gone Girl</i>?

<b>Mum:</b> We have <i>Gone Girl</i> at home

<b>Gone Girl at home:</b>","julia, plex",2026-04-17
2026-04-27,The Devil Wears Prada,2006,https://boxd.it/e8a7oX,4,Yes,"Meryl Streep is operating with unparalleled levels of aura in this movie. Absolutely off the charts.

I think movies from the early 2000s used some kind of special sauce that movies nowadays have simply lost the recipe for.","plex, julia, hagi",2026-04-26
2026-04-30,Midnight Mass,2021,https://boxd.it/easXBj,3.5,Yes,"Once you get past the hundreds of hours of monologuing, there’s actually a very good TV series hidden underneath.","julia, plex",2026-04-29
2026-05-08,The Drama,2026,https://boxd.it/egJLY9,4,,"Rachel was in no position to kick off as much as she did, especially given <i>her </i>confession.","julia, plex",2026-05-07
2026-05-10,The Devil Wears Prada 2,2026,https://boxd.it/eipqlN,3,,Still fun but feels like it’s just a bit too aware that it’s a “Devil Wears Prada” movie and has to live up to the name.,"vue leicester square, julia, alice, ollie",2026-05-04
2026-05-10,The Lovely Bones,2009,https://boxd.it/eiztxH,3,,"<i>Prisoners</i> for the Tumblr generation.

+1 for the Brian Eno soundtrack!","plex, julia",2026-05-09
2026-05-11,The Sheep Detectives,2026,https://boxd.it/eja4AZ,3.5,,"Very cute movie! Wish the actual murder-mystery plot was a bit thicker, but really just worth watching for the cute flock of sheep.","julia, curzon camden",2026-05-10
2026-05-11,Wild London,2026,https://boxd.it/ejiRZP,4,,"Bees can get drunk on fermented nectar in the summer 🥹 and people are building “Hedgehog Highways” through their back gardens 🥹 and pigeons literally hop on and off the <i>tube</i> to get where they want to go 🥹 isn’t nature amazing???

Enjoyed this maybe even more than the “bigger” series like <i>Planet Earth</i> and <i>Blue Planet</i> because the intersection between humans and wildlife in these dense, urban spaces is just so, so interesting. Isn’t it incredible that we can be going about our days, living so close to all of these amazing ecosystems without even realising it?","julia, iplayer",2026-05-10
2026-05-11,Oddity,2024,https://boxd.it/ejraqZ,3,,Decently crafted but quite a bit slower than I would’ve liked. The entire first hour was buildup to a final act which really just…fizzled out.,"julia, plex",2026-05-10
2026-05-14,Relay,2024,https://boxd.it/elN5kf,3.5,,"Starts strong! Tightly scripted and directed, with a very unique premise, but then sort of devolves into a more generic action/thriller and doesn’t really stick the landing :/",plex,2026-05-13
